date,count
1/1/2007,69
1/2/2007,22
1/3/2007,47
1/4/2007,129
1/5/2007,117
1/6/2007,84
1/7/2007,85
1/8/2007,131
1/9/2007,129
1/10/2007,137
1/11/2007,124
1/12/2007,134
1/13/2007,77
1/14/2007,91
1/15/2007,102
1/16/2007,117
1/17/2007,111
1/18/2007,137
1/19/2007,135
1/20/2007,78
1/21/2007,72
1/22/2007,122
1/23/2007,135
1/24/2007,128
1/25/2007,156
1/26/2007,151
1/27/2007,90
1/28/2007,79
1/29/2007,109
1/30/2007,136
1/31/2007,117
2/1/2007,139
2/2/2007,111
2/3/2007,74
2/4/2007,70
2/5/2007,110
2/6/2007,112
2/7/2007,109
2/8/2007,98
2/9/2007,135
2/10/2007,82
2/11/2007,73
2/12/2007,108
2/13/2007,128
2/14/2007,122
2/15/2007,98
2/16/2007,111
2/17/2007,52
2/18/2007,15
2/19/2007,32
2/20/2007,23
2/21/2007,34
2/22/2007,28
2/23/2007,22
2/24/2007,25
2/25/2007,78
2/26/2007,133
2/27/2007,136
2/28/2007,126
3/1/2007,121
3/2/2007,125
3/3/2007,106
3/4/2007,89
3/5/2007,90
3/6/2007,77
3/7/2007,70
3/8/2007,92
3/9/2007,65
3/10/2007,84
3/11/2007,87
3/12/2007,60
3/13/2007,86
3/14/2007,89
3/15/2007,128
3/16/2007,102
3/17/2007,68
3/18/2007,67
3/19/2007,109
3/20/2007,121
3/21/2007,118
3/22/2007,126
3/23/2007,137
3/24/2007,70
3/25/2007,83
3/26/2007,112
3/27/2007,120
3/28/2007,107
3/29/2007,125
3/30/2007,127
3/31/2007,87
4/1/2007,74
4/2/2007,113
4/3/2007,156
4/4/2007,126
4/5/2007,117
4/6/2007,120
4/7/2007,78
4/8/2007,85
4/9/2007,130
4/10/2007,127
4/11/2007,128
4/12/2007,131
4/13/2007,127
4/14/2007,77
4/15/2007,68
4/16/2007,108
4/17/2007,128
4/18/2007,117
4/19/2007,128
4/20/2007,102
4/21/2007,76
4/22/2007,72
4/23/2007,94
4/24/2007,140
4/25/2007,114
4/26/2007,117
4/27/2007,103
4/28/2007,95
4/29/2007,102
4/30/2007,129
5/1/2007,71
5/2/2007,47
5/3/2007,39
5/4/2007,35
5/5/2007,33
5/6/2007,36
5/7/2007,28
5/8/2007,121
5/9/2007,129
5/10/2007,147
5/11/2007,145
5/12/2007,94
5/13/2007,76
5/14/2007,109
5/15/2007,125
5/16/2007,112
5/17/2007,126
5/18/2007,121
5/19/2007,92
5/20/2007,76
5/21/2007,125
5/22/2007,147
5/23/2007,145
5/24/2007,131
5/25/2007,106
5/26/2007,87
5/27/2007,84
5/28/2007,115
5/29/2007,119
5/30/2007,135
5/31/2007,143
6/1/2007,135
6/2/2007,85
6/3/2007,87
6/4/2007,118
6/5/2007,132
6/6/2007,110
6/7/2007,111
6/8/2007,112
6/9/2007,81
6/10/2007,71
6/11/2007,128
6/12/2007,120
6/13/2007,112
6/14/2007,145
6/15/2007,120
6/16/2007,78
6/17/2007,76
6/18/2007,110
6/19/2007,130
6/20/2007,120
6/21/2007,124
6/22/2007,117
6/23/2007,88
6/24/2007,81
6/25/2007,131
6/26/2007,89
6/27/2007,113
6/28/2007,126
6/29/2007,129
6/30/2007,67
7/1/2007,81
7/2/2007,107
7/3/2007,145
7/4/2007,136
7/5/2007,147
7/6/2007,124
7/7/2007,88
7/8/2007,66
7/9/2007,129
7/10/2007,135
7/11/2007,122
7/12/2007,118
7/13/2007,129
7/14/2007,90
7/15/2007,72
7/16/2007,114
7/17/2007,113
7/18/2007,122
7/19/2007,121
7/20/2007,120
7/21/2007,76
7/22/2007,76
7/23/2007,115
7/24/2007,128
7/25/2007,116
7/26/2007,121
7/27/2007,129
7/28/2007,55
7/29/2007,77
7/30/2007,111
7/31/2007,116
8/1/2007,113
8/2/2007,121
8/3/2007,99
8/4/2007,71
8/5/2007,74
8/6/2007,106
8/7/2007,99
8/8/2007,93
8/9/2007,124
8/10/2007,114
8/11/2007,74
8/12/2007,79
8/13/2007,113
8/14/2007,127
8/15/2007,108
8/16/2007,116
8/17/2007,100
8/18/2007,61
8/19/2007,68
8/20/2007,117
8/21/2007,103
8/22/2007,122
8/23/2007,127
8/24/2007,131
8/25/2007,85
8/26/2007,82
8/27/2007,120
8/28/2007,145
8/29/2007,122
8/30/2007,125
8/31/2007,130
9/1/2007,396
9/2/2007,78
9/3/2007,120
9/4/2007,137
9/5/2007,127
9/6/2007,102
9/7/2007,111
9/8/2007,75
9/9/2007,56
9/10/2007,110
9/11/2007,124
9/12/2007,113
9/13/2007,108
9/14/2007,105
9/15/2007,68
9/16/2007,69
9/17/2007,107
9/18/2007,124
9/19/2007,109
9/20/2007,122
9/21/2007,120
9/22/2007,81
9/23/2007,66
9/24/2007,113
9/25/2007,97
9/26/2007,134
9/27/2007,110
9/28/2007,95
9/29/2007,62
9/30/2007,76
10/1/2007,64
10/2/2007,28
10/3/2007,21
10/4/2007,25
10/5/2007,33
10/6/2007,24
10/7/2007,29
10/8/2007,119
10/9/2007,91
10/10/2007,121
10/11/2007,101
10/12/2007,103
10/13/2007,83
10/14/2007,98
10/15/2007,92
10/16/2007,64
10/17/2007,67
10/18/2007,82
10/19/2007,96
10/20/2007,69
10/21/2007,66
10/22/2007,72
10/23/2007,68
10/24/2007,116
10/25/2007,94
10/26/2007,93
10/27/2007,62
10/28/2007,51
10/29/2007,104
10/30/2007,112
10/31/2007,119
11/1/2007,119
11/2/2007,100
11/3/2007,62
11/4/2007,71
11/5/2007,109
11/6/2007,138
11/7/2007,119
11/8/2007,129
11/9/2007,131
11/10/2007,90
11/11/2007,74
11/12/2007,118
11/13/2007,129
11/14/2007,123
11/15/2007,122
11/16/2007,125
11/17/2007,72
11/18/2007,78
11/19/2007,132
11/20/2007,123
11/21/2007,115
11/22/2007,129
11/23/2007,126
11/24/2007,72
11/25/2007,81
11/26/2007,122
11/27/2007,136
11/28/2007,127
11/29/2007,110
11/30/2007,103
12/1/2007,79
12/2/2007,74
12/3/2007,126
12/4/2007,106
12/5/2007,133
12/6/2007,120
12/7/2007,108
12/8/2007,65
12/9/2007,90
12/10/2007,113
12/11/2007,130
12/12/2007,110
12/13/2007,117
12/14/2007,131
12/15/2007,89
12/16/2007,91
12/17/2007,129
12/18/2007,131
12/19/2007,110
12/20/2007,141
12/21/2007,114
12/22/2007,54
12/23/2007,87
12/24/2007,104
12/25/2007,101
12/26/2007,100
12/27/2007,86
12/28/2007,92
12/29/2007,123
12/30/2007,72
12/31/2007,61
1/1/2008,60
1/2/2008,109
1/3/2008,122
1/4/2008,110
1/5/2008,68
1/6/2008,67
1/7/2008,117
1/8/2008,115
1/9/2008,100
1/10/2008,107
1/11/2008,118
1/12/2008,74
1/13/2008,83
1/14/2008,101
1/15/2008,106
1/16/2008,110
1/17/2008,105
1/18/2008,133
1/19/2008,75
1/20/2008,65
1/21/2008,109
1/22/2008,108
1/23/2008,116
1/24/2008,120
1/25/2008,124
1/26/2008,79
1/27/2008,83
1/28/2008,113
1/29/2008,133
1/30/2008,127
1/31/2008,118
2/1/2008,115
2/2/2008,132
2/3/2008,135
2/4/2008,108
2/5/2008,124
2/6/2008,32
2/7/2008,24
2/8/2008,29
2/9/2008,33
2/10/2008,37
2/11/2008,26
2/12/2008,37
2/13/2008,107
2/14/2008,118
2/15/2008,115
2/16/2008,67
2/17/2008,60
2/18/2008,110
2/19/2008,107
2/20/2008,106
2/21/2008,121
2/22/2008,126
2/23/2008,90
2/24/2008,56
2/25/2008,124
2/26/2008,114
2/27/2008,105
2/28/2008,106
2/29/2008,86
3/1/2008,61
3/2/2008,71
3/3/2008,74
3/4/2008,82
3/5/2008,76
3/6/2008,62
3/7/2008,61
3/8/2008,74
3/9/2008,66
3/10/2008,85
3/11/2008,81
3/12/2008,85
3/13/2008,88
3/14/2008,72
3/15/2008,61
3/16/2008,82
3/17/2008,102
3/18/2008,72
3/19/2008,103
3/20/2008,100
3/21/2008,103
3/22/2008,58
3/23/2008,53
3/24/2008,116
3/25/2008,117
3/26/2008,105
3/27/2008,115
3/28/2008,131
3/29/2008,82
3/30/2008,69
3/31/2008,113
4/1/2008,94
4/2/2008,88
4/3/2008,117
4/4/2008,71
4/5/2008,69
4/6/2008,70
4/7/2008,101
4/8/2008,109
4/9/2008,121
4/10/2008,127
4/11/2008,102
4/12/2008,59
4/13/2008,48
4/14/2008,116
4/15/2008,112
4/16/2008,113
4/17/2008,121
4/18/2008,122
4/19/2008,78
4/20/2008,47
4/21/2008,103
4/22/2008,108
4/23/2008,112
4/24/2008,104
4/25/2008,128
4/26/2008,61
4/27/2008,69
4/28/2008,118
4/29/2008,104
4/30/2008,91
5/1/2008,56
5/2/2008,29
5/3/2008,41
5/4/2008,105
5/5/2008,98
5/6/2008,99
5/7/2008,91
5/8/2008,104
5/9/2008,91
5/10/2008,55
5/11/2008,61
5/12/2008,119
5/13/2008,106
5/14/2008,108
5/15/2008,98
5/16/2008,96
5/17/2008,75
5/18/2008,68
5/19/2008,106
5/20/2008,91
5/21/2008,105
5/22/2008,99
5/23/2008,101
5/24/2008,81
5/25/2008,81
5/26/2008,109
5/27/2008,87
5/28/2008,97
5/29/2008,104
5/30/2008,100
5/31/2008,61
6/1/2008,53
6/2/2008,96
6/3/2008,119
6/4/2008,106
6/5/2008,113
6/6/2008,117
6/7/2008,60
6/8/2008,60
6/9/2008,62
6/10/2008,119
6/11/2008,82
6/12/2008,110
6/13/2008,116
6/14/2008,48
6/15/2008,73
6/16/2008,71
6/17/2008,98
6/18/2008,116
6/19/2008,111
6/20/2008,103
6/21/2008,42
6/22/2008,61
6/23/2008,103
6/24/2008,95
6/25/2008,113
6/26/2008,111
6/27/2008,120
6/28/2008,66
6/29/2008,59
6/30/2008,91
7/1/2008,146
7/2/2008,155
7/3/2008,134
7/4/2008,116
7/5/2008,64
7/6/2008,65
7/7/2008,121
7/8/2008,89
7/9/2008,122
7/10/2008,109
7/11/2008,120
7/12/2008,82
7/13/2008,71
7/14/2008,116
7/15/2008,126
7/16/2008,113
7/17/2008,122
7/18/2008,113
7/19/2008,64
7/20/2008,82
7/21/2008,94
7/22/2008,118
7/23/2008,106
7/24/2008,108
7/25/2008,117
7/26/2008,67
7/27/2008,58
7/28/2008,121
7/29/2008,102
7/30/2008,115
7/31/2008,121
8/1/2008,112
8/2/2008,77
8/3/2008,57
8/4/2008,127
8/5/2008,116
8/6/2008,123
8/7/2008,113
8/8/2008,74
8/9/2008,71
8/10/2008,134
8/11/2008,122
8/12/2008,130
8/13/2008,132
8/14/2008,142
8/15/2008,138
8/16/2008,113
8/17/2008,112
8/18/2008,107
8/19/2008,115
8/20/2008,107
8/21/2008,97
8/22/2008,121
8/23/2008,124
8/24/2008,111
8/25/2008,62
8/26/2008,106
8/27/2008,102
8/28/2008,128
8/29/2008,87
8/30/2008,67
8/31/2008,69
9/1/2008,109
9/2/2008,114
9/3/2008,101
9/4/2008,130
9/5/2008,109
9/6/2008,52
9/7/2008,33
9/8/2008,120
9/9/2008,112
9/10/2008,132
9/11/2008,123
9/12/2008,125
9/13/2008,66
9/14/2008,71
9/15/2008,72
9/16/2008,105
9/17/2008,100
9/18/2008,97
9/19/2008,115
9/20/2008,65
9/21/2008,76
9/22/2008,103
9/23/2008,119
9/24/2008,119
9/25/2008,110
9/26/2008,100
9/27/2008,66
9/28/2008,59
9/29/2008,68
9/30/2008,44
10/1/2008,29
10/2/2008,25
10/3/2008,30
10/4/2008,35
10/5/2008,35
10/6/2008,120
10/7/2008,107
10/8/2008,89
10/9/2008,87
10/10/2008,96
10/11/2008,56
10/12/2008,53
10/13/2008,84
10/14/2008,113
10/15/2008,103
10/16/2008,105
10/17/2008,119
10/18/2008,58
10/19/2008,70
10/20/2008,99
10/21/2008,105
10/22/2008,130
10/23/2008,122
10/24/2008,87
10/25/2008,67
10/26/2008,57
10/27/2008,109
10/28/2008,97
10/29/2008,121
10/30/2008,106
10/31/2008,132
11/1/2008,63
11/2/2008,80
11/3/2008,74
11/4/2008,121
11/5/2008,110
11/6/2008,104
11/7/2008,108
11/8/2008,55
11/9/2008,72
11/10/2008,108
11/11/2008,105
11/12/2008,99
11/13/2008,108
11/14/2008,104
11/15/2008,67
11/16/2008,62
11/17/2008,114
11/18/2008,98
11/19/2008,116
11/20/2008,107
11/21/2008,125
11/22/2008,61
11/23/2008,70
11/24/2008,98
11/25/2008,103
11/26/2008,115
11/27/2008,119
11/28/2008,128
11/29/2008,77
11/30/2008,51
12/1/2008,92
12/2/2008,121
12/3/2008,98
12/4/2008,108
12/5/2008,110
12/6/2008,75
12/7/2008,75
12/8/2008,113
12/9/2008,112
12/10/2008,100
12/11/2008,119
12/12/2008,96
12/13/2008,76
12/14/2008,46
12/15/2008,82
12/16/2008,87
12/17/2008,91
12/18/2008,96
12/19/2008,85
12/20/2008,63
12/21/2008,62
12/22/2008,98
12/23/2008,104
12/24/2008,105
12/25/2008,114
12/26/2008,112
12/27/2008,67
12/28/2008,66
12/29/2008,111
12/30/2008,108
12/31/2008,97
1/1/2009,30
1/2/2009,27
1/3/2009,47
1/4/2009,62
1/5/2009,103
1/6/2009,105
1/7/2009,121
1/8/2009,121
1/9/2009,111
1/10/2009,81
1/11/2009,73
1/12/2009,122
1/13/2009,118
1/14/2009,112
1/15/2009,119
1/16/2009,108
1/17/2009,75
1/18/2009,70
1/19/2009,115
1/20/2009,97
1/21/2009,84
1/22/2009,78
1/23/2009,109
1/24/2009,62
1/25/2009,27
1/26/2009,30
1/27/2009,24
1/28/2009,30
1/29/2009,31
1/30/2009,26
1/31/2009,35
2/1/2009,58
2/2/2009,117
2/3/2009,119
2/4/2009,103
2/5/2009,101
2/6/2009,106
2/7/2009,55
2/8/2009,62
2/9/2009,96
2/10/2009,94
2/11/2009,118
2/12/2009,112
2/13/2009,114
2/14/2009,59
2/15/2009,60
2/16/2009,77
2/17/2009,99
2/18/2009,114
2/19/2009,104
2/20/2009,109
2/21/2009,65
2/22/2009,70
2/23/2009,108
2/24/2009,100
2/25/2009,105
2/26/2009,102
2/27/2009,90
2/28/2009,78
3/1/2009,64
3/2/2009,100
3/3/2009,70
3/4/2009,95
3/5/2009,96
3/6/2009,81
3/7/2009,76
3/8/2009,71
3/9/2009,88
3/10/2009,74
3/11/2009,90
3/12/2009,112
3/13/2009,120
3/14/2009,48
3/15/2009,43
3/16/2009,84
3/17/2009,106
3/18/2009,98
3/19/2009,118
3/20/2009,108
3/21/2009,67
3/22/2009,79
3/23/2009,114
3/24/2009,113
3/25/2009,117
3/26/2009,118
3/27/2009,102
3/28/2009,64
3/29/2009,64
3/30/2009,127
3/31/2009,102
4/1/2009,110
4/2/2009,113
4/3/2009,97
4/4/2009,60
4/5/2009,73
4/6/2009,59
4/7/2009,92
4/8/2009,91
4/9/2009,111
4/10/2009,127
4/11/2009,77
4/12/2009,73
4/13/2009,114
4/14/2009,101
4/15/2009,108
4/16/2009,113
4/17/2009,108
4/18/2009,68
4/19/2009,58
4/20/2009,98
4/21/2009,104
4/22/2009,119
4/23/2009,99
4/24/2009,102
4/25/2009,75
4/26/2009,63
4/27/2009,105
4/28/2009,99
4/29/2009,111
4/30/2009,100
5/1/2009,51
5/2/2009,57
5/3/2009,42
5/4/2009,113
5/5/2009,86
5/6/2009,91
5/7/2009,104
5/8/2009,116
5/9/2009,70
5/10/2009,48
5/11/2009,81
5/12/2009,73
5/13/2009,86
5/14/2009,109
5/15/2009,122
5/16/2009,76
5/17/2009,67
5/18/2009,108
5/19/2009,108
5/20/2009,119
5/21/2009,127
5/22/2009,139
5/23/2009,72
5/24/2009,70
5/25/2009,116
5/26/2009,111
5/27/2009,122
5/28/2009,87
5/29/2009,68
5/30/2009,65
5/31/2009,63
6/1/2009,119
6/2/2009,108
6/3/2009,109
6/4/2009,110
6/5/2009,101
6/6/2009,75
6/7/2009,80
6/8/2009,99
6/9/2009,99
6/10/2009,94
6/11/2009,119
6/12/2009,94
6/13/2009,66
6/14/2009,62
6/15/2009,111
6/16/2009,111
6/17/2009,97
6/18/2009,92
6/19/2009,150
6/20/2009,67
6/21/2009,63
6/22/2009,109
6/23/2009,112
6/24/2009,123
6/25/2009,111
6/26/2009,110
6/27/2009,62
6/28/2009,71
6/29/2009,101
6/30/2009,126
7/1/2009,120
7/2/2009,126
7/3/2009,137
7/4/2009,58
7/5/2009,55
7/6/2009,143
7/7/2009,126
7/8/2009,121
7/9/2009,130
7/10/2009,138
7/11/2009,67
7/12/2009,60
7/13/2009,135
7/14/2009,123
7/15/2009,125
7/16/2009,128
7/17/2009,127
7/18/2009,78
7/19/2009,56
7/20/2009,163
7/21/2009,124
7/22/2009,132
7/23/2009,125
7/24/2009,152
7/25/2009,60
7/26/2009,65
7/27/2009,147
7/28/2009,133
7/29/2009,117
7/30/2009,128
7/31/2009,136
8/1/2009,63
8/2/2009,65
8/3/2009,148
8/4/2009,131
8/5/2009,117
8/6/2009,126
8/7/2009,128
8/8/2009,68
8/9/2009,63
8/10/2009,138
8/11/2009,147
8/12/2009,126
8/13/2009,133
8/14/2009,129
8/15/2009,70
8/16/2009,72
8/17/2009,135
8/18/2009,133
8/19/2009,131
8/20/2009,119
8/21/2009,127
8/22/2009,71
8/23/2009,63
8/24/2009,121
8/25/2009,121
8/26/2009,118
8/27/2009,137
8/28/2009,123
8/29/2009,68
8/30/2009,66
8/31/2009,129
9/1/2009,121
9/2/2009,130
9/3/2009,130
9/4/2009,125
9/5/2009,73
9/6/2009,57
9/7/2009,100
9/8/2009,125
9/9/2009,122
9/10/2009,105
9/11/2009,116
9/12/2009,57
9/13/2009,64
9/14/2009,116
9/15/2009,98
9/16/2009,101
9/17/2009,113
9/18/2009,135
9/19/2009,55
9/20/2009,50
9/21/2009,87
9/22/2009,104
9/23/2009,109
9/24/2009,122
9/25/2009,111
9/26/2009,49
9/27/2009,70
9/28/2009,105
9/29/2009,128
9/30/2009,101
10/1/2009,315
10/2/2009,71
10/3/2009,20
10/4/2009,18
10/5/2009,30
10/6/2009,33
10/7/2009,35
10/8/2009,33
10/9/2009,113
10/10/2009,64
10/11/2009,64
10/12/2009,135
10/13/2009,137
10/14/2009,137
10/15/2009,104
10/16/2009,127
10/17/2009,56
10/18/2009,71
10/19/2009,121
10/20/2009,113
10/21/2009,125
10/22/2009,149
10/23/2009,119
10/24/2009,70
10/25/2009,72
10/26/2009,120
10/27/2009,148
10/28/2009,134
10/29/2009,126
10/30/2009,132
10/31/2009,75
11/1/2009,57
11/2/2009,138
11/3/2009,142
11/4/2009,134
11/5/2009,127
11/6/2009,130
11/7/2009,60
11/8/2009,60
11/9/2009,141
11/10/2009,113
11/11/2009,133
11/12/2009,121
11/13/2009,137
11/14/2009,61
11/15/2009,64
11/16/2009,137
11/17/2009,151
11/18/2009,123
11/19/2009,130
11/20/2009,141
11/21/2009,65
11/22/2009,72
11/23/2009,112
11/24/2009,132
11/25/2009,123
11/26/2009,137
11/27/2009,129
11/28/2009,54
11/29/2009,62
11/30/2009,133
12/1/2009,118
12/2/2009,138
12/3/2009,128
12/4/2009,123
12/5/2009,68
12/6/2009,65
12/7/2009,135
12/8/2009,127
12/9/2009,127
12/10/2009,139
12/11/2009,118
12/12/2009,71
12/13/2009,65
12/14/2009,135
12/15/2009,101
12/16/2009,108
12/17/2009,124
12/18/2009,153
12/19/2009,63
12/20/2009,43
12/21/2009,119
12/22/2009,138
12/23/2009,135
12/24/2009,148
12/25/2009,128
12/26/2009,57
12/27/2009,78
12/28/2009,110
12/29/2009,134
12/30/2009,131
12/31/2009,133
1/1/2010,39
1/2/2010,23
1/3/2010,30
1/4/2010,144
1/5/2010,147
1/6/2010,137
1/7/2010,159
1/8/2010,170
1/9/2010,64
1/10/2010,73
1/11/2010,141
1/12/2010,159
1/13/2010,146
1/14/2010,161
1/15/2010,152
1/16/2010,72
1/17/2010,75
1/18/2010,144
1/19/2010,145
1/20/2010,143
1/21/2010,163
1/22/2010,153
1/23/2010,79
1/24/2010,82
1/25/2010,139
1/26/2010,158
1/27/2010,158
1/28/2010,164
1/29/2010,152
1/30/2010,82
1/31/2010,69
2/1/2010,139
2/2/2010,151
2/3/2010,133
2/4/2010,158
2/5/2010,146
2/6/2010,70
2/7/2010,74
2/8/2010,166
2/9/2010,157
2/10/2010,152
2/11/2010,178
2/12/2010,165
2/13/2010,30
2/14/2010,22
2/15/2010,33
2/16/2010,31
2/17/2010,36
2/18/2010,36
2/19/2010,32
2/20/2010,57
2/21/2010,52
2/22/2010,159
2/23/2010,159
2/24/2010,146
2/25/2010,167
2/26/2010,148
2/27/2010,79
2/28/2010,60
3/1/2010,138
3/2/2010,154
3/3/2010,112
3/4/2010,117
3/5/2010,116
3/6/2010,76
3/7/2010,95
3/8/2010,125
3/9/2010,128
3/10/2010,114
3/11/2010,173
3/12/2010,143
3/13/2010,110
3/14/2010,83
3/15/2010,149
3/16/2010,158
3/17/2010,120
3/18/2010,152
3/19/2010,130
3/20/2010,75
3/21/2010,68
3/22/2010,161
3/23/2010,152
3/24/2010,163
3/25/2010,174
3/26/2010,151
3/27/2010,70
3/28/2010,67
3/29/2010,150
3/30/2010,170
3/31/2010,134
4/1/2010,185
4/2/2010,179
4/3/2010,71
4/4/2010,65
4/5/2010,40
4/6/2010,167
4/7/2010,148
4/8/2010,161
4/9/2010,154
4/10/2010,73
4/11/2010,62
4/12/2010,151
4/13/2010,178
4/14/2010,153
4/15/2010,158
4/16/2010,130
4/17/2010,56
4/18/2010,71
4/19/2010,160
4/20/2010,158
4/21/2010,171
4/22/2010,166
4/23/2010,158
4/24/2010,73
4/25/2010,79
4/26/2010,160
4/27/2010,150
4/28/2010,149
4/29/2010,153
4/30/2010,170
5/1/2010,41
5/2/2010,58
5/3/2010,55
5/4/2010,170
5/5/2010,153
5/6/2010,155
5/7/2010,178
5/8/2010,57
5/9/2010,57
5/10/2010,168
5/11/2010,176
5/12/2010,147
5/13/2010,168
5/14/2010,143
5/15/2010,71
5/16/2010,74
5/17/2010,170
5/18/2010,185
5/19/2010,149
5/20/2010,160
5/21/2010,142
5/22/2010,73
5/23/2010,73
5/24/2010,167
5/25/2010,181
5/26/2010,153
5/27/2010,174
5/28/2010,169
5/29/2010,84
5/30/2010,70
5/31/2010,171
6/1/2010,170
6/2/2010,165
6/3/2010,159
6/4/2010,161
6/5/2010,83
6/6/2010,74
6/7/2010,177
6/8/2010,161
6/9/2010,149
6/10/2010,163
6/11/2010,162
6/12/2010,49
6/13/2010,58
6/14/2010,46
6/15/2010,37
6/16/2010,40
6/17/2010,164
6/18/2010,160
6/19/2010,75
6/20/2010,77
6/21/2010,173
6/22/2010,149
6/23/2010,148
6/24/2010,161
6/25/2010,172
6/26/2010,77
6/27/2010,54
6/28/2010,150
6/29/2010,171
6/30/2010,157
7/1/2010,168
7/2/2010,174
7/3/2010,72
7/4/2010,43
7/5/2010,142
7/6/2010,161
7/7/2010,149
7/8/2010,165
7/9/2010,160
7/10/2010,71
7/11/2010,59
7/12/2010,164
7/13/2010,171
7/14/2010,161
7/15/2010,172
7/16/2010,159
7/17/2010,48
7/18/2010,47
7/19/2010,155
7/20/2010,164
7/21/2010,159
7/22/2010,160
7/23/2010,162
7/24/2010,69
7/25/2010,62
7/26/2010,154
7/27/2010,171
7/28/2010,140
7/29/2010,157
7/30/2010,150
7/31/2010,67
8/1/2010,72
8/2/2010,153
8/3/2010,165
8/4/2010,136
8/5/2010,137
8/6/2010,153
8/7/2010,46
8/8/2010,44
8/9/2010,161
8/10/2010,182
8/11/2010,165
8/12/2010,178
8/13/2010,179
8/14/2010,80
8/15/2010,60
8/16/2010,160
8/17/2010,176
8/18/2010,168
8/19/2010,166
8/20/2010,146
8/21/2010,77
8/22/2010,64
8/23/2010,157
8/24/2010,167
8/25/2010,140
8/26/2010,167
8/27/2010,163
8/28/2010,75
8/29/2010,76
8/30/2010,157
8/31/2010,157
9/1/2010,139
9/2/2010,167
9/3/2010,143
9/4/2010,73
9/5/2010,59
9/6/2010,155
9/7/2010,153
9/8/2010,145
9/9/2010,167
9/10/2010,151
9/11/2010,71
9/12/2010,58
9/13/2010,136
9/14/2010,153
9/15/2010,147
9/16/2010,166
9/17/2010,159
9/18/2010,69
9/19/2010,52
9/20/2010,160
9/21/2010,174
9/22/2010,34
9/23/2010,41
9/24/2010,26
9/25/2010,47
9/26/2010,51
9/27/2010,139
9/28/2010,161
9/29/2010,152
9/30/2010,166
10/1/2010,37
10/2/2010,26
10/3/2010,33
10/4/2010,30
10/5/2010,28
10/6/2010,37
10/7/2010,38
10/8/2010,166
10/9/2010,65
10/10/2010,51
10/11/2010,163
10/12/2010,175
10/13/2010,153
10/14/2010,154
10/15/2010,165
10/16/2010,68
10/17/2010,67
10/18/2010,167
10/19/2010,145
10/20/2010,157
10/21/2010,161
10/22/2010,155
10/23/2010,74
10/24/2010,63
10/25/2010,161
10/26/2010,174
10/27/2010,163
10/28/2010,150
10/29/2010,159
10/30/2010,51
10/31/2010,50
11/1/2010,149
11/2/2010,177
11/3/2010,144
11/4/2010,164
11/5/2010,157
11/6/2010,64
11/7/2010,61
11/8/2010,177
11/9/2010,164
11/10/2010,155
11/11/2010,178
11/12/2010,133
11/13/2010,48
11/14/2010,51
11/15/2010,146
11/16/2010,154
11/17/2010,152
11/18/2010,128
11/19/2010,147
11/20/2010,79
11/21/2010,68
11/22/2010,170
11/23/2010,174
11/24/2010,164
11/25/2010,170
11/26/2010,134
11/27/2010,77
11/28/2010,49
11/29/2010,161
11/30/2010,186
12/1/2010,150
12/2/2010,166
12/3/2010,167
12/4/2010,63
12/5/2010,60
12/6/2010,158
12/7/2010,160
12/8/2010,139
12/9/2010,162
12/10/2010,153
12/11/2010,71
12/12/2010,63
12/13/2010,127
12/14/2010,146
12/15/2010,142
12/16/2010,154
12/17/2010,150
12/18/2010,66
12/19/2010,65
12/20/2010,151
12/21/2010,144
12/22/2010,142
12/23/2010,159
12/24/2010,160
12/25/2010,66
12/26/2010,51
12/27/2010,120
12/28/2010,129
12/29/2010,139
12/30/2010,133
12/31/2010,135
1/1/2011,31
1/2/2011,32
1/3/2011,32
1/4/2011,127
1/5/2011,142
1/6/2011,150
1/7/2011,161
1/8/2011,65
1/9/2011,43
1/10/2011,143
1/11/2011,156
1/12/2011,151
1/13/2011,161
1/14/2011,159
1/15/2011,43
1/16/2011,60
1/17/2011,143
1/18/2011,166
1/19/2011,147
1/20/2011,153
1/21/2011,141
1/22/2011,75
1/23/2011,59
1/24/2011,159
1/25/2011,148
1/26/2011,139
1/27/2011,152
1/28/2011,154
1/29/2011,65
1/30/2011,49
1/31/2011,174
2/1/2011,158
2/2/2011,34
2/3/2011,33
2/4/2011,30
2/5/2011,37
2/6/2011,43
2/7/2011,47
2/8/2011,40
2/9/2011,144
2/10/2011,149
2/11/2011,160
2/12/2011,68
2/13/2011,69
2/14/2011,153
2/15/2011,151
2/16/2011,141
2/17/2011,153
2/18/2011,153
2/19/2011,71
2/20/2011,57
2/21/2011,136
2/22/2011,173
2/23/2011,139
2/24/2011,148
2/25/2011,154
2/26/2011,57
2/27/2011,51
2/28/2011,133
3/1/2011,136
3/2/2011,156
3/3/2011,108
3/4/2011,110
3/5/2011,77
3/6/2011,41
3/7/2011,132
3/8/2011,131
3/9/2011,137
3/10/2011,145
3/11/2011,115
3/12/2011,91
3/13/2011,123
3/14/2011,162
3/15/2011,157
3/16/2011,145
3/17/2011,117
3/18/2011,139
3/19/2011,74
3/20/2011,46
3/21/2011,154
3/22/2011,142
3/23/2011,157
3/24/2011,153
3/25/2011,167
3/26/2011,64
3/27/2011,60
3/28/2011,149
3/29/2011,154
3/30/2011,164
3/31/2011,162
4/1/2011,131
4/2/2011,61
4/3/2011,32
4/4/2011,39
4/5/2011,33
4/6/2011,144
4/7/2011,149
4/8/2011,157
4/9/2011,70
4/10/2011,48
4/11/2011,172
4/12/2011,157
4/13/2011,155
4/14/2011,161
4/15/2011,145
4/16/2011,57
4/17/2011,52
4/18/2011,159
4/19/2011,168
4/20/2011,134
4/21/2011,157
4/22/2011,128
4/23/2011,69
4/24/2011,55
4/25/2011,160
4/26/2011,156
4/27/2011,137
4/28/2011,162
4/29/2011,151
4/30/2011,33
5/1/2011,28
5/2/2011,32
5/3/2011,154
5/4/2011,137
5/5/2011,165
5/6/2011,146
5/7/2011,71
5/8/2011,71
5/9/2011,142
5/10/2011,133
5/11/2011,120
5/12/2011,149
5/13/2011,161
5/14/2011,75
5/15/2011,63
5/16/2011,161
5/17/2011,160
5/18/2011,125
5/19/2011,133
5/20/2011,158
5/21/2011,72
5/22/2011,66
5/23/2011,165
5/24/2011,161
5/25/2011,142
5/26/2011,152
5/27/2011,153
5/28/2011,75
5/29/2011,61
5/30/2011,149
5/31/2011,105
6/1/2011,296
6/2/2011,149
6/3/2011,147
6/4/2011,38
6/5/2011,32
6/6/2011,33
6/7/2011,141
6/8/2011,155
6/9/2011,121
6/10/2011,137
6/11/2011,69
6/12/2011,50
6/13/2011,133
6/14/2011,148
6/15/2011,128
6/16/2011,124
6/17/2011,127
6/18/2011,59
6/19/2011,51
6/20/2011,152
6/21/2011,142
6/22/2011,137
6/23/2011,155
6/24/2011,123
6/25/2011,52
6/26/2011,55
6/27/2011,115
6/28/2011,117
6/29/2011,119
6/30/2011,100
7/1/2011,237
7/2/2011,22
7/3/2011,43
7/4/2011,155
7/5/2011,171
7/6/2011,140
7/7/2011,154
7/8/2011,152
7/9/2011,64
7/10/2011,47
7/11/2011,154
7/12/2011,174
7/13/2011,153
7/14/2011,153
7/15/2011,122
7/16/2011,69
7/17/2011,58
7/18/2011,144
7/19/2011,152
7/20/2011,132
7/21/2011,143
7/22/2011,148
7/23/2011,50
7/24/2011,55
7/25/2011,141
7/26/2011,156
7/27/2011,126
7/28/2011,137
7/29/2011,146
7/30/2011,64
7/31/2011,63
8/1/2011,143
8/2/2011,142
8/3/2011,139
8/4/2011,153
8/5/2011,154
8/6/2011,45
8/7/2011,55
8/8/2011,118
8/9/2011,118
8/10/2011,120
8/11/2011,144
8/12/2011,149
8/13/2011,36
8/14/2011,53
8/15/2011,154
8/16/2011,144
8/17/2011,134
8/18/2011,141
8/19/2011,156
8/20/2011,58
8/21/2011,60
8/22/2011,147
8/23/2011,147
8/24/2011,124
8/25/2011,147
8/26/2011,158
8/27/2011,66
8/28/2011,59
8/29/2011,143
8/30/2011,135
8/31/2011,149
9/1/2011,151
9/2/2011,155
9/3/2011,71
9/4/2011,62
9/5/2011,143
9/6/2011,151
9/7/2011,142
9/8/2011,159
9/9/2011,151
9/10/2011,32
9/11/2011,37
9/12/2011,30
9/13/2011,130
9/14/2011,131
9/15/2011,134
9/16/2011,154
9/17/2011,67
9/18/2011,63
9/19/2011,150
9/20/2011,131
9/21/2011,136
9/22/2011,131
9/23/2011,142
9/24/2011,71
9/25/2011,62
9/26/2011,154
9/27/2011,160
9/28/2011,136
9/29/2011,158
9/30/2011,143
10/1/2011,38
10/2/2011,29
10/3/2011,20
10/4/2011,38
10/5/2011,32
10/6/2011,34
10/7/2011,33
10/8/2011,51
10/9/2011,54
10/10/2011,132
10/11/2011,142
10/12/2011,121
10/13/2011,160
10/14/2011,128
10/15/2011,47
10/16/2011,51
10/17/2011,133
10/18/2011,155
10/19/2011,135
10/20/2011,164
10/21/2011,146
10/22/2011,66
10/23/2011,58
10/24/2011,154
10/25/2011,152
10/26/2011,113
10/27/2011,142
10/28/2011,130
10/29/2011,64
10/30/2011,53
10/31/2011,149
11/1/2011,142
11/2/2011,137
11/3/2011,137
11/4/2011,140
11/5/2011,71
11/6/2011,62
11/7/2011,154
11/8/2011,151
11/9/2011,143
11/10/2011,166
11/11/2011,140
11/12/2011,81
11/13/2011,66
11/14/2011,154
11/15/2011,138
11/16/2011,136
11/17/2011,152
11/18/2011,139
11/19/2011,63
11/20/2011,62
11/21/2011,152
11/22/2011,153
11/23/2011,136
11/24/2011,146
11/25/2011,154
11/26/2011,70
11/27/2011,59
11/28/2011,169
11/29/2011,148
11/30/2011,143
12/1/2011,139
12/2/2011,154
12/3/2011,73
12/4/2011,59
12/5/2011,147
12/6/2011,163
12/7/2011,143
12/8/2011,146
12/9/2011,149
12/10/2011,59
12/11/2011,55
12/12/2011,153
12/13/2011,136
12/14/2011,138
12/15/2011,123
12/16/2011,145
12/17/2011,57
12/18/2011,59
12/19/2011,157
12/20/2011,139
12/21/2011,120
12/22/2011,134
12/23/2011,134
12/24/2011,70
12/25/2011,47
12/26/2011,116
12/27/2011,147
12/28/2011,137
12/29/2011,143
12/30/2011,128
12/31/2011,53
1/1/2012,31
1/2/2012,27
1/3/2012,30
1/4/2012,130
1/5/2012,150
1/6/2012,178
1/7/2012,73
1/8/2012,53
1/9/2012,145
1/10/2012,162
1/11/2012,155
1/12/2012,155
1/13/2012,130
1/14/2012,70
1/15/2012,58
1/16/2012,182
1/17/2012,172
1/18/2012,141
1/19/2012,147
1/20/2012,158
1/21/2012,64
1/22/2012,38
1/23/2012,35
1/24/2012,33
1/25/2012,37
1/26/2012,32
1/27/2012,26
1/28/2012,40
1/29/2012,54
1/30/2012,148
1/31/2012,160
2/1/2012,136
2/2/2012,150
2/3/2012,147
2/4/2012,74
2/5/2012,54
2/6/2012,149
2/7/2012,155
2/8/2012,153
2/9/2012,157
2/10/2012,139
2/11/2012,73
2/12/2012,54
2/13/2012,137
2/14/2012,158
2/15/2012,136
2/16/2012,143
2/17/2012,149
2/18/2012,69
2/19/2012,55
2/20/2012,148
2/21/2012,155
2/22/2012,139
2/23/2012,133
2/24/2012,159
2/25/2012,67
2/26/2012,58
2/27/2012,145
2/28/2012,148
2/29/2012,149
3/1/2012,135
3/2/2012,145
3/3/2012,56
3/4/2012,59
3/5/2012,95
3/6/2012,85
3/7/2012,121
3/8/2012,106
3/9/2012,117
3/10/2012,113
3/11/2012,102
3/12/2012,121
3/13/2012,169
3/14/2012,127
3/15/2012,145
3/16/2012,157
3/17/2012,44
3/18/2012,43
3/19/2012,151
3/20/2012,144
3/21/2012,162
3/22/2012,165
3/23/2012,169
3/24/2012,58
3/25/2012,60
3/26/2012,143
3/27/2012,159
3/28/2012,144
3/29/2012,144
3/30/2012,157
3/31/2012,60
4/1/2012,44
4/2/2012,33
4/3/2012,29
4/4/2012,35
4/5/2012,150
4/6/2012,150
4/7/2012,62
4/8/2012,57
4/9/2012,149
4/10/2012,145
4/11/2012,131
4/12/2012,160
4/13/2012,160
4/14/2012,67
4/15/2012,48
4/16/2012,123
4/17/2012,155
4/18/2012,131
4/19/2012,132
4/20/2012,155
4/21/2012,71
4/22/2012,53
4/23/2012,138
4/24/2012,132
4/25/2012,147
4/26/2012,168
4/27/2012,147
4/28/2012,65
4/29/2012,25
4/30/2012,36
5/1/2012,36
5/2/2012,126
5/3/2012,147
5/4/2012,145
5/5/2012,52
5/6/2012,57
5/7/2012,144
5/8/2012,155
5/9/2012,149
5/10/2012,160
5/11/2012,166
5/12/2012,76
5/13/2012,52
5/14/2012,161
5/15/2012,168
5/16/2012,158
5/17/2012,155
5/18/2012,169
5/19/2012,81
5/20/2012,57
5/21/2012,140
5/22/2012,161
5/23/2012,168
5/24/2012,146
5/25/2012,135
5/26/2012,66
5/27/2012,67
5/28/2012,140
5/29/2012,161
5/30/2012,155
5/31/2012,145
6/1/2012,146
6/2/2012,66
6/3/2012,56
6/4/2012,146
6/5/2012,160
6/6/2012,149
6/7/2012,150
6/8/2012,152
6/9/2012,68
6/10/2012,59
6/11/2012,155
6/12/2012,155
6/13/2012,151
6/14/2012,152
6/15/2012,148
6/16/2012,48
6/17/2012,53
6/18/2012,144
6/19/2012,144
6/20/2012,139
6/21/2012,139
6/22/2012,37
6/23/2012,32
6/24/2012,34
6/25/2012,118
6/26/2012,110
6/27/2012,161
6/28/2012,120
6/29/2012,132
6/30/2012,35
7/1/2012,54
7/2/2012,143
7/3/2012,155
7/4/2012,148
7/5/2012,150
7/6/2012,161
7/7/2012,72
7/8/2012,51
7/9/2012,134
7/10/2012,124
7/11/2012,147
7/12/2012,158
7/13/2012,149
7/14/2012,64
7/15/2012,56
7/16/2012,136
7/17/2012,145
7/18/2012,143
7/19/2012,151
7/20/2012,121
7/21/2012,54
7/22/2012,54
7/23/2012,148
7/24/2012,156
7/25/2012,141
7/26/2012,157
7/27/2012,121
7/28/2012,57
7/29/2012,45
7/30/2012,140
7/31/2012,126
8/1/2012,130
8/2/2012,120
8/3/2012,122
8/4/2012,53
8/5/2012,56
8/6/2012,112
8/7/2012,122
8/8/2012,117
8/9/2012,128
8/10/2012,116
8/11/2012,55
8/12/2012,57
8/13/2012,124
8/14/2012,95
8/15/2012,96
8/16/2012,104
8/17/2012,119
8/18/2012,50
8/19/2012,60
8/20/2012,115
8/21/2012,103
8/22/2012,115
8/23/2012,112
8/24/2012,120
8/25/2012,54
8/26/2012,55
8/27/2012,115
8/28/2012,104
8/29/2012,116
8/30/2012,132
8/31/2012,114
9/1/2012,69
9/2/2012,60
9/3/2012,124
9/4/2012,127
9/5/2012,112
9/6/2012,126
9/7/2012,118
9/8/2012,64
9/9/2012,45
9/10/2012,120
9/11/2012,104
9/12/2012,107
9/13/2012,121
9/14/2012,120
9/15/2012,74
9/16/2012,63
9/17/2012,105
9/18/2012,116
9/19/2012,115
9/20/2012,104
9/21/2012,109
9/22/2012,64
9/23/2012,58
9/24/2012,106
9/25/2012,132
9/26/2012,120
9/27/2012,115
9/28/2012,117
9/29/2012,50
9/30/2012,38
10/1/2012,27
10/2/2012,28
10/3/2012,25
10/4/2012,31
10/5/2012,27
10/6/2012,27
10/7/2012,29
10/8/2012,121
10/9/2012,98
10/10/2012,99
10/11/2012,122
10/12/2012,115
10/13/2012,58
10/14/2012,60
10/15/2012,119
10/16/2012,116
10/17/2012,131
10/18/2012,113
10/19/2012,131
10/20/2012,58
10/21/2012,54
10/22/2012,114
10/23/2012,111
10/24/2012,109
10/25/2012,116
10/26/2012,105
10/27/2012,76
10/28/2012,47
10/29/2012,123
10/30/2012,120
10/31/2012,110
11/1/2012,118
11/2/2012,117
11/3/2012,71
11/4/2012,69
11/5/2012,98
11/6/2012,107
11/7/2012,121
11/8/2012,98
11/9/2012,97
11/10/2012,60
11/11/2012,85
11/12/2012,126
11/13/2012,132
11/14/2012,117
11/15/2012,107
11/16/2012,119
11/17/2012,44
11/18/2012,26
11/19/2012,123
11/20/2012,139
11/21/2012,141
11/22/2012,138
11/23/2012,143
11/24/2012,49
11/25/2012,64
11/26/2012,134
11/27/2012,137
11/28/2012,132
11/29/2012,169
11/30/2012,132
12/1/2012,63
12/2/2012,64
12/3/2012,151
12/4/2012,129
12/5/2012,132
12/6/2012,144
12/7/2012,130
12/8/2012,78
12/9/2012,55
12/10/2012,142
12/11/2012,155
12/12/2012,136
12/13/2012,158
12/14/2012,129
12/15/2012,56
12/16/2012,48
12/17/2012,130
12/18/2012,134
12/19/2012,149
12/20/2012,145
12/21/2012,153
12/22/2012,59
12/23/2012,65
12/24/2012,132
12/25/2012,134
12/26/2012,125
12/27/2012,107
12/28/2012,123
12/29/2012,69
12/30/2012,64
12/31/2012,130
1/1/2013,61
1/2/2013,44
1/3/2013,56
1/4/2013,155
1/5/2013,82
1/6/2013,87
1/7/2013,141
1/8/2013,136
1/9/2013,137
1/10/2013,159
1/11/2013,150
1/12/2013,89
1/13/2013,79
1/14/2013,140
1/15/2013,151
1/16/2013,156
1/17/2013,151
1/18/2013,167
1/19/2013,75
1/20/2013,83
1/21/2013,147
1/22/2013,157
1/23/2013,147
1/24/2013,143
1/25/2013,154
1/26/2013,84
1/27/2013,69
1/28/2013,156
1/29/2013,159
1/30/2013,150
1/31/2013,144
2/1/2013,144
2/2/2013,81
2/3/2013,78
2/4/2013,130
2/5/2013,145
2/6/2013,133
2/7/2013,136
2/8/2013,150
2/9/2013,69
2/10/2013,82
2/11/2013,42
2/12/2013,52
2/13/2013,52
2/14/2013,62
2/15/2013,42
2/16/2013,80
2/17/2013,72
2/18/2013,148
2/19/2013,146
2/20/2013,136
2/21/2013,146
2/22/2013,142
2/23/2013,66
2/24/2013,76
2/25/2013,129
2/26/2013,146
2/27/2013,118
2/28/2013,141
3/1/2013,147
3/2/2013,74
3/3/2013,60
3/4/2013,101
3/5/2013,95
3/6/2013,93
3/7/2013,129
3/8/2013,121
3/9/2013,68
3/10/2013,81
3/11/2013,80
3/12/2013,100
3/13/2013,115
3/14/2013,120
3/15/2013,122
3/16/2013,96
3/17/2013,50
3/18/2013,110
3/19/2013,131
3/20/2013,117
3/21/2013,153
3/22/2013,125
3/23/2013,87
3/24/2013,67
3/25/2013,133
3/26/2013,146
3/27/2013,134
3/28/2013,138
3/29/2013,140
3/30/2013,76
3/31/2013,74
4/1/2013,141
4/2/2013,141
4/3/2013,143
4/4/2013,66
4/5/2013,48
4/6/2013,42
4/7/2013,69
4/8/2013,137
4/9/2013,150
4/10/2013,163
4/11/2013,117
4/12/2013,147
4/13/2013,79
4/14/2013,80
4/15/2013,170
4/16/2013,155
4/17/2013,146
4/18/2013,154
4/19/2013,140
4/20/2013,101
4/21/2013,76
4/22/2013,143
4/23/2013,140
4/24/2013,147
4/25/2013,150
4/26/2013,157
4/27/2013,80
4/28/2013,79
4/29/2013,64
4/30/2013,53
5/1/2013,53
5/2/2013,148
5/3/2013,149
5/4/2013,85
5/5/2013,69
5/6/2013,145
5/7/2013,151
5/8/2013,152
5/9/2013,154
5/10/2013,148
5/11/2013,88
5/12/2013,79
5/13/2013,142
5/14/2013,150
5/15/2013,136
5/16/2013,147
5/17/2013,134
5/18/2013,92
5/19/2013,78
5/20/2013,140
5/21/2013,152
5/22/2013,147
5/23/2013,154
5/24/2013,148
5/25/2013,82
5/26/2013,71
5/27/2013,148
5/28/2013,140
5/29/2013,158
5/30/2013,139
5/31/2013,146
6/1/2013,100
6/2/2013,78
6/3/2013,146
6/4/2013,151
6/5/2013,143
6/6/2013,135
6/7/2013,147
6/8/2013,87
6/9/2013,74
6/10/2013,50
6/11/2013,41
6/12/2013,49
6/13/2013,132
6/14/2013,156
6/15/2013,88
6/16/2013,73
6/17/2013,131
6/18/2013,140
6/19/2013,140
6/20/2013,148
6/21/2013,144
6/22/2013,96
6/23/2013,79
6/24/2013,148
6/25/2013,143
6/26/2013,140
6/27/2013,147
6/28/2013,138
6/29/2013,76
6/30/2013,82
7/1/2013,131
7/2/2013,139
7/3/2013,154
7/4/2013,149
7/5/2013,150
7/6/2013,88
7/7/2013,77
7/8/2013,114
7/9/2013,178
7/10/2013,153
7/11/2013,152
7/12/2013,156
7/13/2013,73
7/14/2013,75
7/15/2013,136
7/16/2013,59
7/17/2013,147
7/18/2013,138
7/19/2013,148
7/20/2013,71
7/21/2013,73
7/22/2013,140
7/23/2013,158
7/24/2013,134
7/25/2013,146
7/26/2013,153
7/27/2013,87
7/28/2013,66
7/29/2013,140
7/30/2013,147
7/31/2013,144
8/1/2013,127
8/2/2013,153
8/3/2013,77
8/4/2013,76
8/5/2013,143
8/6/2013,141
8/7/2013,132
8/8/2013,142
8/9/2013,138
8/10/2013,75
8/11/2013,71
8/12/2013,143
8/13/2013,154
8/14/2013,130
8/15/2013,130
8/16/2013,124
8/17/2013,86
8/18/2013,69
8/19/2013,159
8/20/2013,145
8/21/2013,138
8/22/2013,144
8/23/2013,150
8/24/2013,72
8/25/2013,73
8/26/2013,133
8/27/2013,147
8/28/2013,128
8/29/2013,136
8/30/2013,127
8/31/2013,77
9/1/2013,61
9/2/2013,133
9/3/2013,131
9/4/2013,137
9/5/2013,131
9/6/2013,145
9/7/2013,69
9/8/2013,68
9/9/2013,134
9/10/2013,145
9/11/2013,137
9/12/2013,126
9/13/2013,128
9/14/2013,68
9/15/2013,71
9/16/2013,135
9/17/2013,154
9/18/2013,153
9/19/2013,66
9/20/2013,57
9/21/2013,52
9/22/2013,77
9/23/2013,150
9/24/2013,139
9/25/2013,141
9/26/2013,129
9/27/2013,133
9/28/2013,71
9/29/2013,63
9/30/2013,115
10/1/2013,48
10/2/2013,31
10/3/2013,39
10/4/2013,34
10/5/2013,49
10/6/2013,44
10/7/2013,51
10/8/2013,125
10/9/2013,123
10/10/2013,143
10/11/2013,145
10/12/2013,78
10/13/2013,75
10/14/2013,127
10/15/2013,143
10/16/2013,135
10/17/2013,129
10/18/2013,131
10/19/2013,78
10/20/2013,74
10/21/2013,148
10/22/2013,152
10/23/2013,124
10/24/2013,150
10/25/2013,139
10/26/2013,88
10/27/2013,76
10/28/2013,150
10/29/2013,154
10/30/2013,151
10/31/2013,168
11/1/2013,155
11/2/2013,98
11/3/2013,65
11/4/2013,149
11/5/2013,154
11/6/2013,123
11/7/2013,150
11/8/2013,124
11/9/2013,59
11/10/2013,69
11/11/2013,101
11/12/2013,125
11/13/2013,118
11/14/2013,162
11/15/2013,151
11/16/2013,63
11/17/2013,74
11/18/2013,127
11/19/2013,144
11/20/2013,140
11/21/2013,141
11/22/2013,153
11/23/2013,77
11/24/2013,76
11/25/2013,121
11/26/2013,154
11/27/2013,147
11/28/2013,129
11/29/2013,134
11/30/2013,80
12/1/2013,79
12/2/2013,129
12/3/2013,147
12/4/2013,134
12/5/2013,132
12/6/2013,142
12/7/2013,76
12/8/2013,65
12/9/2013,121
12/10/2013,148
12/11/2013,140
12/12/2013,125
12/13/2013,138
12/14/2013,78
12/15/2013,69
12/16/2013,123
12/17/2013,120
12/18/2013,148
12/19/2013,129
12/20/2013,147
12/21/2013,93
12/22/2013,60
12/23/2013,133
12/24/2013,127
12/25/2013,124
12/26/2013,124
12/27/2013,110
12/28/2013,48
12/29/2013,73
12/30/2013,124
12/31/2013,134
1/1/2014,32
1/2/2014,135
1/3/2014,149
1/4/2014,87
1/5/2014,70
1/6/2014,140
1/7/2014,150
1/8/2014,141
1/9/2014,135
1/10/2014,143
1/11/2014,79
1/12/2014,67
1/13/2014,158
1/14/2014,124
1/15/2014,147
1/16/2014,150
1/17/2014,137
1/18/2014,83
1/19/2014,83
1/20/2014,142
1/21/2014,140
1/22/2014,139
1/23/2014,151
1/24/2014,143
1/25/2014,75
1/26/2014,65
1/27/2014,144
1/28/2014,151
1/29/2014,145
1/30/2014,148
1/31/2014,59
2/1/2014,58
2/2/2014,59
2/3/2014,53
2/4/2014,63
2/5/2014,55
2/6/2014,55
2/7/2014,132
2/8/2014,72
2/9/2014,58
2/10/2014,151
2/11/2014,166
2/12/2014,156
2/13/2014,143
2/14/2014,148
2/15/2014,81
2/16/2014,68
2/17/2014,160
2/18/2014,151
2/19/2014,146
2/20/2014,160
2/21/2014,143
2/22/2014,83
2/23/2014,65
2/24/2014,148
2/25/2014,143
2/26/2014,139
2/27/2014,130
2/28/2014,140
3/1/2014,69
3/2/2014,58
3/3/2014,103
3/4/2014,117
3/5/2014,102
3/6/2014,69
3/7/2014,103
3/8/2014,64
3/9/2014,55
3/10/2014,104
3/11/2014,106
3/12/2014,132
3/13/2014,132
3/14/2014,124
3/15/2014,67
3/16/2014,47
3/17/2014,107
3/18/2014,130
3/19/2014,137
3/20/2014,143
3/21/2014,142
3/22/2014,70
3/23/2014,75
3/24/2014,123
3/25/2014,144
3/26/2014,155
3/27/2014,156
3/28/2014,144
3/29/2014,82
3/30/2014,78
3/31/2014,148
4/1/2014,154
4/2/2014,149
4/3/2014,100
4/4/2014,155
4/5/2014,62
4/6/2014,43
4/7/2014,50
4/8/2014,154
4/9/2014,151
4/10/2014,130
4/11/2014,162
4/12/2014,81
4/13/2014,85
4/14/2014,142
4/15/2014,157
4/16/2014,156
4/17/2014,152
4/18/2014,151
4/19/2014,79
4/20/2014,76
4/21/2014,148
4/22/2014,147
4/23/2014,160
4/24/2014,155
4/25/2014,162
4/26/2014,75
4/27/2014,82
4/28/2014,144
4/29/2014,135
4/30/2014,157
5/1/2014,53
5/2/2014,49
5/3/2014,46
5/4/2014,56
5/5/2014,143
5/6/2014,150
5/7/2014,151
5/8/2014,141
5/9/2014,144
5/10/2014,87
5/11/2014,79
5/12/2014,149
5/13/2014,140
5/14/2014,173
5/15/2014,131
5/16/2014,151
5/17/2014,88
5/18/2014,75
5/19/2014,148
5/20/2014,152
5/21/2014,152
5/22/2014,143
5/23/2014,142
5/24/2014,74
5/25/2014,69
5/26/2014,140
5/27/2014,130
5/28/2014,138
5/29/2014,137
5/30/2014,152
5/31/2014,47
6/1/2014,32
6/2/2014,44
6/3/2014,132
6/4/2014,149
6/5/2014,143
6/6/2014,132
6/7/2014,81
6/8/2014,70
6/9/2014,130
6/10/2014,141
6/11/2014,137
6/12/2014,150
6/13/2014,154
6/14/2014,82
6/15/2014,74
6/16/2014,126
6/17/2014,157
6/18/2014,150
6/19/2014,142
6/20/2014,137
6/21/2014,71
6/22/2014,70
6/23/2014,129
6/24/2014,141
6/25/2014,129
6/26/2014,140
6/27/2014,127
6/28/2014,92
6/29/2014,63
6/30/2014,117
7/1/2014,133
7/2/2014,121
7/3/2014,156
7/4/2014,168
7/5/2014,66
7/6/2014,71
7/7/2014,120
7/8/2014,142
7/9/2014,152
7/10/2014,132
7/11/2014,122
7/12/2014,74
7/13/2014,65
7/14/2014,133
7/15/2014,129
7/16/2014,143
7/17/2014,121
7/18/2014,117
7/19/2014,80
7/20/2014,68
7/21/2014,134
7/22/2014,158
7/23/2014,148
7/24/2014,140
7/25/2014,136
7/26/2014,86
7/27/2014,72
7/28/2014,136
7/29/2014,153
7/30/2014,148
7/31/2014,148
8/1/2014,140
8/2/2014,84
8/3/2014,68
8/4/2014,138
8/5/2014,153
8/6/2014,130
8/7/2014,148
8/8/2014,143
8/9/2014,84
8/10/2014,77
8/11/2014,153
8/12/2014,139
8/13/2014,146
8/14/2014,145
8/15/2014,134
8/16/2014,72
8/17/2014,68
8/18/2014,128
8/19/2014,141
8/20/2014,123
8/21/2014,122
8/22/2014,129
8/23/2014,81
8/24/2014,79
8/25/2014,136
8/26/2014,133
8/27/2014,142
8/28/2014,141
8/29/2014,154
8/30/2014,76
8/31/2014,58
9/1/2014,134
9/2/2014,140
9/3/2014,127
9/4/2014,145
9/5/2014,143
9/6/2014,53
9/7/2014,59
9/8/2014,46
9/9/2014,133
9/10/2014,137
9/11/2014,130
9/12/2014,143
9/13/2014,64
9/14/2014,63
9/15/2014,121
9/16/2014,163
9/17/2014,136
9/18/2014,140
9/19/2014,128
9/20/2014,80
9/21/2014,75
9/22/2014,119
9/23/2014,136
9/24/2014,141
9/25/2014,126
9/26/2014,143
9/27/2014,69
9/28/2014,59
9/29/2014,142
9/30/2014,107
10/1/2014,43
10/2/2014,41
10/3/2014,43
10/4/2014,44
10/5/2014,43
10/6/2014,44
10/7/2014,45
10/8/2014,126
10/9/2014,130
10/10/2014,149
10/11/2014,74
10/12/2014,72
10/13/2014,129
10/14/2014,133
10/15/2014,136
10/16/2014,131
10/17/2014,140
10/18/2014,76
10/19/2014,67
10/20/2014,122
10/21/2014,130
10/22/2014,142
10/23/2014,141
10/24/2014,106
10/25/2014,88
10/26/2014,79
10/27/2014,133
10/28/2014,151
10/29/2014,127
10/30/2014,132
10/31/2014,158
11/1/2014,80
11/2/2014,70
11/3/2014,138
11/4/2014,131
11/5/2014,144
11/6/2014,128
11/7/2014,111
11/8/2014,76
11/9/2014,64
11/10/2014,98
11/11/2014,129
11/12/2014,122
11/13/2014,124
11/14/2014,129
11/15/2014,69
11/16/2014,76
11/17/2014,127
11/18/2014,120
11/19/2014,126
11/20/2014,122
11/21/2014,141
11/22/2014,75
11/23/2014,72
11/24/2014,122
11/25/2014,149
11/26/2014,154
11/27/2014,131
11/28/2014,145
11/29/2014,88
11/30/2014,73
12/1/2014,122
12/2/2014,148
12/3/2014,133
12/4/2014,147
12/5/2014,153
12/6/2014,75
12/7/2014,77
12/8/2014,132
12/9/2014,133
12/10/2014,132
12/11/2014,129
12/12/2014,125
12/13/2014,75
12/14/2014,73
12/15/2014,123
12/16/2014,124
12/17/2014,114
12/18/2014,118
12/19/2014,139
12/20/2014,61
12/21/2014,65
12/22/2014,115
12/23/2014,137
12/24/2014,90
12/25/2014,122
12/26/2014,111
12/27/2014,64
12/28/2014,71
12/29/2014,118
12/30/2014,112
12/31/2014,126
1/1/2015,43
1/2/2015,50
1/3/2015,52
1/4/2015,56
1/5/2015,132
1/6/2015,143
1/7/2015,140
1/8/2015,135
1/9/2015,136
1/10/2015,66
1/11/2015,78
1/12/2015,136
1/13/2015,151
1/14/2015,143
1/15/2015,125
1/16/2015,148
1/17/2015,84
1/18/2015,76
1/19/2015,142
1/20/2015,138
1/21/2015,156
1/22/2015,141
1/23/2015,151
1/24/2015,79
1/25/2015,75
1/26/2015,147
1/27/2015,150
1/28/2015,146
1/29/2015,141
1/30/2015,135
1/31/2015,82
2/1/2015,67
2/2/2015,129
2/3/2015,143
2/4/2015,144
2/5/2015,128
2/6/2015,143
2/7/2015,84
2/8/2015,72
2/9/2015,142
2/10/2015,134
2/11/2015,136
2/12/2015,124
2/13/2015,119
2/14/2015,77
2/15/2015,72
2/16/2015,124
2/17/2015,143
2/18/2015,49
2/19/2015,43
2/20/2015,43
2/21/2015,44
2/22/2015,50
2/23/2015,52
2/24/2015,55
2/25/2015,143
2/26/2015,142
2/27/2015,132
2/28/2015,77
3/1/2015,46
3/2/2015,115
3/3/2015,128
3/4/2015,105
3/5/2015,101
3/6/2015,62
3/7/2015,64
3/8/2015,67
3/9/2015,106
3/10/2015,109
3/11/2015,109
3/12/2015,111
3/13/2015,108
3/14/2015,65
3/15/2015,58
3/16/2015,121
3/17/2015,128
3/18/2015,126
3/19/2015,141
3/20/2015,137
3/21/2015,66
3/22/2015,72
3/23/2015,153
3/24/2015,146
3/25/2015,154
3/26/2015,129
3/27/2015,142
3/28/2015,80
3/29/2015,67
3/30/2015,120
3/31/2015,142
4/1/2015,147
4/2/2015,139
4/3/2015,129
4/4/2015,60
4/5/2015,49
4/6/2015,46
4/7/2015,145
4/8/2015,148
4/9/2015,158
4/10/2015,151
4/11/2015,77
4/12/2015,83
4/13/2015,142
4/14/2015,146
4/15/2015,144
4/16/2015,121
4/17/2015,107
4/18/2015,84
4/19/2015,79
4/20/2015,133
4/21/2015,134
4/22/2015,143
4/23/2015,122
4/24/2015,150
4/25/2015,78
4/26/2015,71
4/27/2015,136
4/28/2015,135
4/29/2015,109
4/30/2015,135
5/1/2015,45
5/2/2015,46
5/3/2015,46
5/4/2015,135
5/5/2015,140
5/6/2015,142
5/7/2015,130
5/8/2015,137
5/9/2015,73
5/10/2015,69
5/11/2015,135
5/12/2015,144
5/13/2015,143
5/14/2015,142
5/15/2015,138
5/16/2015,77
5/17/2015,70
5/18/2015,130
5/19/2015,155
5/20/2015,154
5/21/2015,138
5/22/2015,139
5/23/2015,82
5/24/2015,76
5/25/2015,145
5/26/2015,153
5/27/2015,137
5/28/2015,138
5/29/2015,146
5/30/2015,75
5/31/2015,76
6/1/2015,137
6/2/2015,161
6/3/2015,145
6/4/2015,148
6/5/2015,138
6/6/2015,84
6/7/2015,76
6/8/2015,134
6/9/2015,130
6/10/2015,140
6/11/2015,139
6/12/2015,135
6/13/2015,78
6/14/2015,80
6/15/2015,129
6/16/2015,147
6/17/2015,151
6/18/2015,131
6/19/2015,115
6/20/2015,35
6/21/2015,51
6/22/2015,42
6/23/2015,138
6/24/2015,64
6/25/2015,133
6/26/2015,127
6/27/2015,74
6/28/2015,85
6/29/2015,132
6/30/2015,137
7/1/2015,130
7/2/2015,140
7/3/2015,136
7/4/2015,83
7/5/2015,72
7/6/2015,131
7/7/2015,126
7/8/2015,123
7/9/2015,122
7/10/2015,128
7/11/2015,61
7/12/2015,60
7/13/2015,131
7/14/2015,149
7/15/2015,151
7/16/2015,137
7/17/2015,131
7/18/2015,67
7/19/2015,57
7/20/2015,129
7/21/2015,145
7/22/2015,152
7/23/2015,130
7/24/2015,127
7/25/2015,81
7/26/2015,67
7/27/2015,139
7/28/2015,139
7/29/2015,142
7/30/2015,143
7/31/2015,141
8/1/2015,65
8/2/2015,71
8/3/2015,142
8/4/2015,130
8/5/2015,133
8/6/2015,127
8/7/2015,127
8/8/2015,76
8/9/2015,73
8/10/2015,128
8/11/2015,151
8/12/2015,138
8/13/2015,141
8/14/2015,140
8/15/2015,68
8/16/2015,68
8/17/2015,125
8/18/2015,142
8/19/2015,132
8/20/2015,123
8/21/2015,138
8/22/2015,85
8/23/2015,67
8/24/2015,134
8/25/2015,128
8/26/2015,150
8/27/2015,145
8/28/2015,133
8/29/2015,73
8/30/2015,82
8/31/2015,125
9/1/2015,142
9/2/2015,131
9/3/2015,67
9/4/2015,68
9/5/2015,50
9/6/2015,64
9/7/2015,110
9/8/2015,127
9/9/2015,130
9/10/2015,115
9/11/2015,130
9/12/2015,75
9/13/2015,75
9/14/2015,116
9/15/2015,124
9/16/2015,150
9/17/2015,111
9/18/2015,118
9/19/2015,67
9/20/2015,75
9/21/2015,121
9/22/2015,98
9/23/2015,93
9/24/2015,119
9/25/2015,124
9/26/2015,34
9/27/2015,41
9/28/2015,113
9/29/2015,118
9/30/2015,133
10/1/2015,52
10/2/2015,29
10/3/2015,50
10/4/2015,54
10/5/2015,47
10/6/2015,51
10/7/2015,47
10/8/2015,144
10/9/2015,129
10/10/2015,81
10/11/2015,73
10/12/2015,137
10/13/2015,157
10/14/2015,132
10/15/2015,132
10/16/2015,125
10/17/2015,72
10/18/2015,66
10/19/2015,136
10/20/2015,135
10/21/2015,147
10/22/2015,130
10/23/2015,119
10/24/2015,76
10/25/2015,67
10/26/2015,119
10/27/2015,137
10/28/2015,138
10/29/2015,123
10/30/2015,115
10/31/2015,74
11/1/2015,71
11/2/2015,141
11/3/2015,125
11/4/2015,122
11/5/2015,128
11/6/2015,128
11/7/2015,72
11/8/2015,60
11/9/2015,131
11/10/2015,147
11/11/2015,130
11/12/2015,134
11/13/2015,136
11/14/2015,80
11/15/2015,67
11/16/2015,146
11/17/2015,129
11/18/2015,154
11/19/2015,120
11/20/2015,140
11/21/2015,61
11/22/2015,62
11/23/2015,142
11/24/2015,141
11/25/2015,126
11/26/2015,154
11/27/2015,119
11/28/2015,84
11/29/2015,64
11/30/2015,147
12/1/2015,148
12/2/2015,132
12/3/2015,132
12/4/2015,130
12/5/2015,69
12/6/2015,65
12/7/2015,106
12/8/2015,118
12/9/2015,144
12/10/2015,131
12/11/2015,126
12/12/2015,71
12/13/2015,78
12/14/2015,135
12/15/2015,134
12/16/2015,132
12/17/2015,129
12/18/2015,112
12/19/2015,77
12/20/2015,75
12/21/2015,130
12/22/2015,114
12/23/2015,130
12/24/2015,115
12/25/2015,118
12/26/2015,85
12/27/2015,66
12/28/2015,99
12/29/2015,101
12/30/2015,122
12/31/2015,105
1/1/2016,45
1/2/2016,37
1/3/2016,55
1/4/2016,119
1/5/2016,118
1/6/2016,148
1/7/2016,141
1/8/2016,129
1/9/2016,79
1/10/2016,81
1/11/2016,143
1/12/2016,150
1/13/2016,143
1/14/2016,129
1/15/2016,129
1/16/2016,80
1/17/2016,77
1/18/2016,141
1/19/2016,128
1/20/2016,132
1/21/2016,129
1/22/2016,118
1/23/2016,78
1/24/2016,66
1/25/2016,130
1/26/2016,155
1/27/2016,143
1/28/2016,118
1/29/2016,139
1/30/2016,75
1/31/2016,62
2/1/2016,108
2/2/2016,117
2/3/2016,139
2/4/2016,117
2/5/2016,130
2/6/2016,63
2/7/2016,56
2/8/2016,41
2/9/2016,32
2/10/2016,38
2/11/2016,38
2/12/2016,38
2/13/2016,43
2/14/2016,68
2/15/2016,131
2/16/2016,142
2/17/2016,147
2/18/2016,116
2/19/2016,126
2/20/2016,69
2/21/2016,66
2/22/2016,134
2/23/2016,144
2/24/2016,133
2/25/2016,152
2/26/2016,131
2/27/2016,72
2/28/2016,68
2/29/2016,137
3/1/2016,106
3/2/2016,135
3/3/2016,101
3/4/2016,85
3/5/2016,72
3/6/2016,49
3/7/2016,73
3/8/2016,90
3/9/2016,77
3/10/2016,79
3/11/2016,92
3/12/2016,62
3/13/2016,64
3/14/2016,90
3/15/2016,95
3/16/2016,95
3/17/2016,128
3/18/2016,92
3/19/2016,48
3/20/2016,63
3/21/2016,114
3/22/2016,141
3/23/2016,142
3/24/2016,115
3/25/2016,154
3/26/2016,81
3/27/2016,73
3/28/2016,126
3/29/2016,139
3/30/2016,144
3/31/2016,140
4/1/2016,149
4/2/2016,57
4/3/2016,37
4/4/2016,47
4/5/2016,141
4/6/2016,137
4/7/2016,157
4/8/2016,139
4/9/2016,77
4/10/2016,70
4/11/2016,135
4/12/2016,152
4/13/2016,141
4/14/2016,134
4/15/2016,100
4/16/2016,73
4/17/2016,66
4/18/2016,130
4/19/2016,140
4/20/2016,142
4/21/2016,123
4/22/2016,129
4/23/2016,83
4/24/2016,75
4/25/2016,134
4/26/2016,130
4/27/2016,125
4/28/2016,127
4/29/2016,127
4/30/2016,62
5/1/2016,44
5/2/2016,44
5/3/2016,129
5/4/2016,134
5/5/2016,137
5/6/2016,132
5/7/2016,86
5/8/2016,75
5/9/2016,134
5/10/2016,137
5/11/2016,146
5/12/2016,141
5/13/2016,146
5/14/2016,76
5/15/2016,65
5/16/2016,155
5/17/2016,143
5/18/2016,141
5/19/2016,111
5/20/2016,141
5/21/2016,89
5/22/2016,61
5/23/2016,119
5/24/2016,114
5/25/2016,128
5/26/2016,128
5/27/2016,116
5/28/2016,72
5/29/2016,61
5/30/2016,122
5/31/2016,123
6/1/2016,145
6/2/2016,143
6/3/2016,118
6/4/2016,58
6/5/2016,65
6/6/2016,140
6/7/2016,132
6/8/2016,120
6/9/2016,56
6/10/2016,58
6/11/2016,54
6/12/2016,61
6/13/2016,131
6/14/2016,135
6/15/2016,123
6/16/2016,142
6/17/2016,126
6/18/2016,72
6/19/2016,68
6/20/2016,133
6/21/2016,123
6/22/2016,138
6/23/2016,114
6/24/2016,139
6/25/2016,50
6/26/2016,63
6/27/2016,114
6/28/2016,124
6/29/2016,123
6/30/2016,90
7/1/2016,99
7/2/2016,50
7/3/2016,74
7/4/2016,139
7/5/2016,135
7/6/2016,129
7/7/2016,122
7/8/2016,115
7/9/2016,71
7/10/2016,68
7/11/2016,134
7/12/2016,122
7/13/2016,127
7/14/2016,120
7/15/2016,126
7/16/2016,69
7/17/2016,55
7/18/2016,125
7/19/2016,135
7/20/2016,139
7/21/2016,112
7/22/2016,123
7/23/2016,61
7/24/2016,65
7/25/2016,127
7/26/2016,137
7/27/2016,107
7/28/2016,87
7/29/2016,137
7/30/2016,68
7/31/2016,67
8/1/2016,134
8/2/2016,145
8/3/2016,132
8/4/2016,138
8/5/2016,123
8/6/2016,63
8/7/2016,70
8/8/2016,133
8/9/2016,146
8/10/2016,132
8/11/2016,137
8/12/2016,123
8/13/2016,69
8/14/2016,70
8/15/2016,131
8/16/2016,144
8/17/2016,152
8/18/2016,120
8/19/2016,138
8/20/2016,70
8/21/2016,51
8/22/2016,122
8/23/2016,118
8/24/2016,123
8/25/2016,135
8/26/2016,128
8/27/2016,82
8/28/2016,67
8/29/2016,124
8/30/2016,121
8/31/2016,131
9/1/2016,137
9/2/2016,118
9/3/2016,65
9/4/2016,66
9/5/2016,114
9/6/2016,103
9/7/2016,127
9/8/2016,137
9/9/2016,135
9/10/2016,78
9/11/2016,73
9/12/2016,129
9/13/2016,132
9/14/2016,142
9/15/2016,57
9/16/2016,48
9/17/2016,50
9/18/2016,66
9/19/2016,123
9/20/2016,140
9/21/2016,119
9/22/2016,138
9/23/2016,137
9/24/2016,81
9/25/2016,53
9/26/2016,121
9/27/2016,145
9/28/2016,116
9/29/2016,119
9/30/2016,128
10/1/2016,45
10/2/2016,36
10/3/2016,40
10/4/2016,40
10/5/2016,39
10/6/2016,40
10/7/2016,43
10/8/2016,61
10/9/2016,76
10/10/2016,148
10/11/2016,123
10/12/2016,129
10/13/2016,140
10/14/2016,123
10/15/2016,58
10/16/2016,60
10/17/2016,95
10/18/2016,107
10/19/2016,132
10/20/2016,143
10/21/2016,103
10/22/2016,57
10/23/2016,64
10/24/2016,118
10/25/2016,110
10/26/2016,124
10/27/2016,138
10/28/2016,126
10/29/2016,81
10/30/2016,70
10/31/2016,118
11/1/2016,141
11/2/2016,134
11/3/2016,98
11/4/2016,112
11/5/2016,88
11/6/2016,73
11/7/2016,107
11/8/2016,133
11/9/2016,116
11/10/2016,119
11/11/2016,131
11/12/2016,78
11/13/2016,61
11/14/2016,125
11/15/2016,139
11/16/2016,142
11/17/2016,131
11/18/2016,132
11/19/2016,76
11/20/2016,69
11/21/2016,126
11/22/2016,142
11/23/2016,143
11/24/2016,129
11/25/2016,126
11/26/2016,65
11/27/2016,70
11/28/2016,134
11/29/2016,155
11/30/2016,117
12/1/2016,131
12/2/2016,128
12/3/2016,78
12/4/2016,65
12/5/2016,134
12/6/2016,126
12/7/2016,121
12/8/2016,105
12/9/2016,123
12/10/2016,75
12/11/2016,69
12/12/2016,124
12/13/2016,128
12/14/2016,130
12/15/2016,112
12/16/2016,127
12/17/2016,74
12/18/2016,78
12/19/2016,125
12/20/2016,136
12/21/2016,111
12/22/2016,120
12/23/2016,122
12/24/2016,82
12/25/2016,70
12/26/2016,80
12/27/2016,112
12/28/2016,111
12/29/2016,124
12/30/2016,130
12/31/2016,52
