date,epu,count
2007-01-01,0.0,69
2007-01-02,0.0,22
2007-01-03,0.0,47
2007-01-04,0.0,129
2007-01-05,0.0,117
2007-01-06,0.0,84
2007-01-07,0.0,85
2007-01-08,1.0,131
2007-01-09,1.0,129
2007-01-10,0.0,137
2007-01-11,0.0,124
2007-01-12,2.0,134
2007-01-13,0.0,77
2007-01-14,0.0,91
2007-01-15,1.0,102
2007-01-16,0.0,117
2007-01-17,0.0,111
2007-01-18,0.0,137
2007-01-19,0.0,135
2007-01-20,0.0,78
2007-01-21,0.0,72
2007-01-22,3.0,122
2007-01-23,0.0,135
2007-01-24,0.0,128
2007-01-25,0.0,156
2007-01-26,1.0,151
2007-01-27,0.0,90
2007-01-28,0.0,79
2007-01-29,0.0,109
2007-01-30,0.0,136
2007-01-31,1.0,117
2007-02-01,0.0,139
2007-02-02,0.0,111
2007-02-03,0.0,74
2007-02-04,0.0,70
2007-02-05,0.0,110
2007-02-06,2.0,112
2007-02-07,1.0,109
2007-02-08,2.0,98
2007-02-09,0.0,135
2007-02-10,0.0,82
2007-02-11,0.0,73
2007-02-12,1.0,108
2007-02-13,0.0,128
2007-02-14,0.0,122
2007-02-15,0.0,98
2007-02-16,1.0,111
2007-02-17,0.0,52
2007-02-18,0.0,15
2007-02-19,0.0,32
2007-02-20,0.0,23
2007-02-21,0.0,34
2007-02-22,0.0,28
2007-02-23,0.0,22
2007-02-24,0.0,25
2007-02-25,0.0,78
2007-02-26,2.0,133
2007-02-27,1.0,136
2007-02-28,1.0,126
2007-03-01,0.0,121
2007-03-02,0.0,125
2007-03-03,0.0,106
2007-03-04,0.0,89
2007-03-05,1.0,90
2007-03-06,2.0,77
2007-03-07,0.0,70
2007-03-08,0.0,92
2007-03-09,2.0,65
2007-03-10,0.0,84
2007-03-11,0.0,87
2007-03-12,2.0,60
2007-03-13,0.0,86
2007-03-14,0.0,89
2007-03-15,0.0,128
2007-03-16,1.0,102
2007-03-17,0.0,68
2007-03-18,0.0,67
2007-03-19,0.0,109
2007-03-20,3.0,121
2007-03-21,1.0,118
2007-03-22,0.0,126
2007-03-23,1.0,137
2007-03-24,0.0,70
2007-03-25,0.0,83
2007-03-26,0.0,112
2007-03-27,0.0,120
2007-03-28,1.0,107
2007-03-29,0.0,125
2007-03-30,2.0,127
2007-03-31,0.0,87
2007-04-01,0.0,74
2007-04-02,0.0,113
2007-04-03,0.0,156
2007-04-04,1.0,126
2007-04-05,0.0,117
2007-04-06,1.0,120
2007-04-07,0.0,78
2007-04-08,0.0,85
2007-04-09,1.0,130
2007-04-10,0.0,127
2007-04-11,0.0,128
2007-04-12,0.0,131
2007-04-13,1.0,127
2007-04-14,0.0,77
2007-04-15,0.0,68
2007-04-16,1.0,108
2007-04-17,0.0,128
2007-04-18,0.0,117
2007-04-19,0.0,128
2007-04-20,0.0,102
2007-04-21,0.0,76
2007-04-22,0.0,72
2007-04-23,0.0,94
2007-04-24,0.0,140
2007-04-25,2.0,114
2007-04-26,1.0,117
2007-04-27,1.0,103
2007-04-28,1.0,95
2007-04-29,0.0,102
2007-04-30,0.0,129
2007-05-01,0.0,71
2007-05-02,0.0,47
2007-05-03,0.0,39
2007-05-04,0.0,35
2007-05-05,0.0,33
2007-05-06,0.0,36
2007-05-07,0.0,28
2007-05-08,1.0,121
2007-05-09,2.0,129
2007-05-10,1.0,147
2007-05-11,0.0,145
2007-05-12,0.0,94
2007-05-13,0.0,76
2007-05-14,1.0,109
2007-05-15,0.0,125
2007-05-16,1.0,112
2007-05-17,0.0,126
2007-05-18,0.0,121
2007-05-19,0.0,92
2007-05-20,0.0,76
2007-05-21,0.0,125
2007-05-22,0.0,147
2007-05-23,0.0,145
2007-05-24,0.0,131
2007-05-25,0.0,106
2007-05-26,0.0,87
2007-05-27,0.0,84
2007-05-28,1.0,115
2007-05-29,0.0,119
2007-05-30,0.0,135
2007-05-31,0.0,143
2007-06-01,0.0,135
2007-06-02,0.0,85
2007-06-03,0.0,87
2007-06-04,1.0,118
2007-06-05,0.0,132
2007-06-06,1.0,110
2007-06-07,0.0,111
2007-06-08,1.0,112
2007-06-09,0.0,81
2007-06-10,0.0,71
2007-06-11,1.0,128
2007-06-12,0.0,120
2007-06-13,3.0,112
2007-06-14,0.0,145
2007-06-15,0.0,120
2007-06-16,0.0,78
2007-06-17,0.0,76
2007-06-18,0.0,110
2007-06-19,1.0,130
2007-06-20,0.0,120
2007-06-21,1.0,124
2007-06-22,0.0,117
2007-06-23,0.0,88
2007-06-24,0.0,81
2007-06-25,0.0,131
2007-06-26,1.0,89
2007-06-27,0.0,113
2007-06-28,0.0,126
2007-06-29,0.0,129
2007-06-30,1.0,67
2007-07-01,0.0,81
2007-07-02,1.0,107
2007-07-03,2.0,145
2007-07-04,1.0,136
2007-07-05,0.0,147
2007-07-06,1.0,124
2007-07-07,0.0,88
2007-07-08,1.0,66
2007-07-09,0.0,129
2007-07-10,0.0,135
2007-07-11,0.0,122
2007-07-12,1.0,118
2007-07-13,2.0,129
2007-07-14,1.0,90
2007-07-15,0.0,72
2007-07-16,1.0,114
2007-07-17,1.0,113
2007-07-18,1.0,122
2007-07-19,0.0,121
2007-07-20,0.0,120
2007-07-21,0.0,76
2007-07-22,0.0,76
2007-07-23,1.0,115
2007-07-24,1.0,128
2007-07-25,0.0,116
2007-07-26,0.0,121
2007-07-27,1.0,129
2007-07-28,1.0,55
2007-07-29,0.0,77
2007-07-30,0.0,111
2007-07-31,0.0,116
2007-08-01,0.0,113
2007-08-02,0.0,121
2007-08-03,1.0,99
2007-08-04,0.0,71
2007-08-05,0.0,74
2007-08-06,0.0,106
2007-08-07,0.0,99
2007-08-08,1.0,93
2007-08-09,0.0,124
2007-08-10,0.0,114
2007-08-11,0.0,74
2007-08-12,0.0,79
2007-08-13,1.0,113
2007-08-14,0.0,127
2007-08-15,0.0,108
2007-08-16,1.0,116
2007-08-17,0.0,100
2007-08-18,0.0,61
2007-08-19,0.0,68
2007-08-20,1.0,117
2007-08-21,0.0,103
2007-08-22,0.0,122
2007-08-23,0.0,127
2007-08-24,0.0,131
2007-08-25,0.0,85
2007-08-26,0.0,82
2007-08-27,2.0,120
2007-08-28,1.0,145
2007-08-29,0.0,122
2007-08-30,1.0,125
2007-08-31,2.0,130
2007-09-01,2.0,396
2007-09-02,0.0,78
2007-09-03,1.0,120
2007-09-04,0.0,137
2007-09-05,0.0,127
2007-09-06,1.0,102
2007-09-07,1.0,111
2007-09-08,0.0,75
2007-09-09,1.0,56
2007-09-10,1.0,110
2007-09-11,0.0,124
2007-09-12,0.0,113
2007-09-13,0.0,108
2007-09-14,1.0,105
2007-09-15,0.0,68
2007-09-16,0.0,69
2007-09-17,0.0,107
2007-09-18,2.0,124
2007-09-19,0.0,109
2007-09-20,1.0,122
2007-09-21,0.0,120
2007-09-22,0.0,81
2007-09-23,0.0,66
2007-09-24,1.0,113
2007-09-25,0.0,97
2007-09-26,0.0,134
2007-09-27,0.0,110
2007-09-28,2.0,95
2007-09-29,0.0,62
2007-09-30,0.0,76
2007-10-01,1.0,64
2007-10-02,0.0,28
2007-10-03,0.0,21
2007-10-04,1.0,25
2007-10-05,0.0,33
2007-10-06,0.0,24
2007-10-07,0.0,29
2007-10-08,1.0,119
2007-10-09,0.0,91
2007-10-10,0.0,121
2007-10-11,0.0,101
2007-10-12,2.0,103
2007-10-13,0.0,83
2007-10-14,0.0,98
2007-10-15,1.0,92
2007-10-16,0.0,64
2007-10-17,0.0,67
2007-10-18,1.0,82
2007-10-19,0.0,96
2007-10-20,0.0,69
2007-10-21,0.0,66
2007-10-22,0.0,72
2007-10-23,0.0,68
2007-10-24,0.0,116
2007-10-25,1.0,94
2007-10-26,1.0,93
2007-10-27,0.0,62
2007-10-28,0.0,51
2007-10-29,0.0,104
2007-10-30,0.0,112
2007-10-31,1.0,119
2007-11-01,0.0,119
2007-11-02,0.0,100
2007-11-03,0.0,62
2007-11-04,1.0,71
2007-11-05,2.0,109
2007-11-06,0.0,138
2007-11-07,0.0,119
2007-11-08,0.0,129
2007-11-09,1.0,131
2007-11-10,0.0,90
2007-11-11,0.0,74
2007-11-12,0.0,118
2007-11-13,1.0,129
2007-11-14,0.0,123
2007-11-15,0.0,122
2007-11-16,1.0,125
2007-11-17,0.0,72
2007-11-18,0.0,78
2007-11-19,1.0,132
2007-11-20,0.0,123
2007-11-21,1.0,115
2007-11-22,2.0,129
2007-11-23,1.0,126
2007-11-24,0.0,72
2007-11-25,0.0,81
2007-11-26,2.0,122
2007-11-27,0.0,136
2007-11-28,2.0,127
2007-11-29,1.0,110
2007-11-30,0.0,103
2007-12-01,0.0,79
2007-12-02,0.0,74
2007-12-03,0.0,126
2007-12-04,1.0,106
2007-12-05,0.0,133
2007-12-06,1.0,120
2007-12-07,1.0,108
2007-12-08,0.0,65
2007-12-09,0.0,90
2007-12-10,2.0,113
2007-12-11,1.0,130
2007-12-12,0.0,110
2007-12-13,4.0,117
2007-12-14,3.0,131
2007-12-15,0.0,89
2007-12-16,0.0,91
2007-12-17,2.0,129
2007-12-18,0.0,131
2007-12-19,0.0,110
2007-12-20,2.0,141
2007-12-21,0.0,114
2007-12-22,0.0,54
2007-12-23,0.0,87
2007-12-24,1.0,104
2007-12-25,1.0,101
2007-12-26,1.0,100
2007-12-27,1.0,86
2007-12-28,0.0,92
2007-12-29,1.0,123
2007-12-30,1.0,72
2007-12-31,0.0,61
2008-01-01,0.0,60
2008-01-02,0.0,109
2008-01-03,0.0,122
2008-01-04,0.0,110
2008-01-05,0.0,68
2008-01-06,1.0,67
2008-01-07,2.0,117
2008-01-08,0.0,115
2008-01-09,1.0,100
2008-01-10,0.0,107
2008-01-11,0.0,118
2008-01-12,1.0,74
2008-01-13,1.0,83
2008-01-14,0.0,101
2008-01-15,1.0,106
2008-01-16,1.0,110
2008-01-17,0.0,105
2008-01-18,0.0,133
2008-01-19,0.0,75
2008-01-20,1.0,65
2008-01-21,1.0,109
2008-01-22,0.0,108
2008-01-23,0.0,116
2008-01-24,1.0,120
2008-01-25,2.0,124
2008-01-26,0.0,79
2008-01-27,0.0,83
2008-01-28,1.0,113
2008-01-29,1.0,133
2008-01-30,1.0,127
2008-01-31,0.0,118
2008-02-01,1.0,115
2008-02-02,0.0,132
2008-02-03,0.0,135
2008-02-04,1.0,108
2008-02-05,0.0,124
2008-02-06,0.0,32
2008-02-07,0.0,24
2008-02-08,1.0,29
2008-02-09,0.0,33
2008-02-10,0.0,37
2008-02-11,0.0,26
2008-02-12,0.0,37
2008-02-13,1.0,107
2008-02-14,0.0,118
2008-02-15,0.0,115
2008-02-16,0.0,67
2008-02-17,0.0,60
2008-02-18,0.0,110
2008-02-19,2.0,107
2008-02-20,1.0,106
2008-02-21,0.0,121
2008-02-22,1.0,126
2008-02-23,0.0,90
2008-02-24,0.0,56
2008-02-25,1.0,124
2008-02-26,0.0,114
2008-02-27,1.0,105
2008-02-28,0.0,106
2008-02-29,0.0,86
2008-03-01,1.0,61
2008-03-02,0.0,71
2008-03-03,0.0,74
2008-03-04,0.0,82
2008-03-05,1.0,76
2008-03-06,2.0,62
2008-03-07,0.0,61
2008-03-08,1.0,74
2008-03-09,0.0,66
2008-03-10,1.0,85
2008-03-11,0.0,81
2008-03-12,0.0,85
2008-03-13,1.0,88
2008-03-14,0.0,72
2008-03-15,0.0,61
2008-03-16,0.0,82
2008-03-17,4.0,102
2008-03-18,1.0,72
2008-03-19,1.0,103
2008-03-20,2.0,100
2008-03-21,3.0,103
2008-03-22,0.0,58
2008-03-23,0.0,53
2008-03-24,2.0,116
2008-03-25,0.0,117
2008-03-26,1.0,105
2008-03-27,1.0,115
2008-03-28,0.0,131
2008-03-29,0.0,82
2008-03-30,0.0,69
2008-03-31,0.0,113
2008-04-01,2.0,94
2008-04-02,0.0,88
2008-04-03,1.0,117
2008-04-04,0.0,71
2008-04-05,0.0,69
2008-04-06,0.0,70
2008-04-07,1.0,101
2008-04-08,0.0,109
2008-04-09,3.0,121
2008-04-10,0.0,127
2008-04-11,1.0,102
2008-04-12,0.0,59
2008-04-13,0.0,48
2008-04-14,1.0,116
2008-04-15,1.0,112
2008-04-16,1.0,113
2008-04-17,2.0,121
2008-04-18,2.0,122
2008-04-19,0.0,78
2008-04-20,0.0,47
2008-04-21,2.0,103
2008-04-22,0.0,108
2008-04-23,1.0,112
2008-04-24,2.0,104
2008-04-25,3.0,128
2008-04-26,0.0,61
2008-04-27,1.0,69
2008-04-28,0.0,118
2008-04-29,1.0,104
2008-04-30,0.0,91
2008-05-01,1.0,56
2008-05-02,0.0,29
2008-05-03,0.0,41
2008-05-04,0.0,105
2008-05-05,2.0,98
2008-05-06,1.0,99
2008-05-07,3.0,91
2008-05-08,1.0,104
2008-05-09,0.0,91
2008-05-10,0.0,55
2008-05-11,0.0,61
2008-05-12,1.0,119
2008-05-13,1.0,106
2008-05-14,0.0,108
2008-05-15,0.0,98
2008-05-16,1.0,96
2008-05-17,0.0,75
2008-05-18,0.0,68
2008-05-19,0.0,106
2008-05-20,0.0,91
2008-05-21,0.0,105
2008-05-22,2.0,99
2008-05-23,1.0,101
2008-05-24,0.0,81
2008-05-25,0.0,81
2008-05-26,0.0,109
2008-05-27,0.0,87
2008-05-28,1.0,97
2008-05-29,0.0,104
2008-05-30,0.0,100
2008-05-31,0.0,61
2008-06-01,0.0,53
2008-06-02,0.0,96
2008-06-03,0.0,119
2008-06-04,1.0,106
2008-06-05,0.0,113
2008-06-06,0.0,117
2008-06-07,1.0,60
2008-06-08,1.0,60
2008-06-09,0.0,62
2008-06-10,0.0,119
2008-06-11,0.0,82
2008-06-12,0.0,110
2008-06-13,0.0,116
2008-06-14,1.0,48
2008-06-15,1.0,73
2008-06-16,1.0,71
2008-06-17,0.0,98
2008-06-18,1.0,116
2008-06-19,0.0,111
2008-06-20,1.0,103
2008-06-21,0.0,42
2008-06-22,0.0,61
2008-06-23,3.0,103
2008-06-24,0.0,95
2008-06-25,1.0,113
2008-06-26,0.0,111
2008-06-27,0.0,120
2008-06-28,0.0,66
2008-06-29,0.0,59
2008-06-30,1.0,91
2008-07-01,1.0,146
2008-07-02,1.0,155
2008-07-03,0.0,134
2008-07-04,0.0,116
2008-07-05,0.0,64
2008-07-06,0.0,65
2008-07-07,0.0,121
2008-07-08,1.0,89
2008-07-09,2.0,122
2008-07-10,2.0,109
2008-07-11,1.0,120
2008-07-12,0.0,82
2008-07-13,0.0,71
2008-07-14,0.0,116
2008-07-15,1.0,126
2008-07-16,0.0,113
2008-07-17,0.0,122
2008-07-18,0.0,113
2008-07-19,0.0,64
2008-07-20,0.0,82
2008-07-21,1.0,94
2008-07-22,2.0,118
2008-07-23,1.0,106
2008-07-24,1.0,108
2008-07-25,1.0,117
2008-07-26,1.0,67
2008-07-27,0.0,58
2008-07-28,0.0,121
2008-07-29,0.0,102
2008-07-30,0.0,115
2008-07-31,0.0,121
2008-08-01,2.0,112
2008-08-02,1.0,77
2008-08-03,2.0,57
2008-08-04,0.0,127
2008-08-05,0.0,116
2008-08-06,2.0,123
2008-08-07,0.0,113
2008-08-08,0.0,74
2008-08-09,0.0,71
2008-08-10,0.0,134
2008-08-11,0.0,122
2008-08-12,1.0,130
2008-08-13,1.0,132
2008-08-14,1.0,142
2008-08-15,2.0,138
2008-08-16,1.0,113
2008-08-17,0.0,112
2008-08-18,0.0,107
2008-08-19,2.0,115
2008-08-20,0.0,107
2008-08-21,0.0,97
2008-08-22,0.0,121
2008-08-23,0.0,124
2008-08-24,2.0,111
2008-08-25,0.0,62
2008-08-26,2.0,106
2008-08-27,2.0,102
2008-08-28,2.0,128
2008-08-29,2.0,87
2008-08-30,0.0,67
2008-08-31,0.0,69
2008-09-01,1.0,109
2008-09-02,1.0,114
2008-09-03,1.0,101
2008-09-04,1.0,130
2008-09-05,0.0,109
2008-09-06,1.0,52
2008-09-07,0.0,33
2008-09-08,0.0,120
2008-09-09,2.0,112
2008-09-10,2.0,132
2008-09-11,0.0,123
2008-09-12,3.0,125
2008-09-13,0.0,66
2008-09-14,0.0,71
2008-09-15,0.0,72
2008-09-16,0.0,105
2008-09-17,1.0,100
2008-09-18,1.0,97
2008-09-19,0.0,115
2008-09-20,1.0,65
2008-09-21,0.0,76
2008-09-22,0.0,103
2008-09-23,0.0,119
2008-09-24,1.0,119
2008-09-25,1.0,110
2008-09-26,1.0,100
2008-09-27,0.0,66
2008-09-28,0.0,59
2008-09-29,0.0,68
2008-09-30,0.0,44
2008-10-01,0.0,29
2008-10-02,0.0,25
2008-10-03,0.0,30
2008-10-04,0.0,35
2008-10-05,0.0,35
2008-10-06,0.0,120
2008-10-07,0.0,107
2008-10-08,3.0,89
2008-10-09,1.0,87
2008-10-10,0.0,96
2008-10-11,0.0,56
2008-10-12,1.0,53
2008-10-13,4.0,84
2008-10-14,0.0,113
2008-10-15,0.0,103
2008-10-16,1.0,105
2008-10-17,0.0,119
2008-10-18,0.0,58
2008-10-19,0.0,70
2008-10-20,1.0,99
2008-10-21,1.0,105
2008-10-22,1.0,130
2008-10-23,2.0,122
2008-10-24,1.0,87
2008-10-25,1.0,67
2008-10-26,2.0,57
2008-10-27,3.0,109
2008-10-28,0.0,97
2008-10-29,2.0,121
2008-10-30,1.0,106
2008-10-31,0.0,132
2008-11-01,2.0,63
2008-11-02,0.0,80
2008-11-03,0.0,74
2008-11-04,1.0,121
2008-11-05,2.0,110
2008-11-06,2.0,104
2008-11-07,0.0,108
2008-11-08,0.0,55
2008-11-09,2.0,72
2008-11-10,1.0,108
2008-11-11,1.0,105
2008-11-12,1.0,99
2008-11-13,0.0,108
2008-11-14,0.0,104
2008-11-15,0.0,67
2008-11-16,1.0,62
2008-11-17,1.0,114
2008-11-18,1.0,98
2008-11-19,0.0,116
2008-11-20,0.0,107
2008-11-21,1.0,125
2008-11-22,0.0,61
2008-11-23,0.0,70
2008-11-24,2.0,98
2008-11-25,1.0,103
2008-11-26,0.0,115
2008-11-27,0.0,119
2008-11-28,1.0,128
2008-11-29,0.0,77
2008-11-30,0.0,51
2008-12-01,0.0,92
2008-12-02,1.0,121
2008-12-03,1.0,98
2008-12-04,2.0,108
2008-12-05,1.0,110
2008-12-06,0.0,75
2008-12-07,0.0,75
2008-12-08,0.0,113
2008-12-09,1.0,112
2008-12-10,0.0,100
2008-12-11,5.0,119
2008-12-12,0.0,96
2008-12-13,0.0,76
2008-12-14,0.0,46
2008-12-15,0.0,82
2008-12-16,0.0,87
2008-12-17,1.0,91
2008-12-18,1.0,96
2008-12-19,2.0,85
2008-12-20,1.0,63
2008-12-21,0.0,62
2008-12-22,1.0,98
2008-12-23,0.0,104
2008-12-24,0.0,105
2008-12-25,0.0,114
2008-12-26,1.0,112
2008-12-27,2.0,67
2008-12-28,0.0,66
2008-12-29,2.0,111
2008-12-30,1.0,108
2008-12-31,0.0,97
2009-01-01,0.0,30
2009-01-02,1.0,27
2009-01-03,0.0,47
2009-01-04,1.0,62
2009-01-05,0.0,103
2009-01-06,2.0,105
2009-01-07,3.0,121
2009-01-08,1.0,121
2009-01-09,1.0,111
2009-01-10,0.0,81
2009-01-11,0.0,73
2009-01-12,2.0,122
2009-01-13,0.0,118
2009-01-14,5.0,112
2009-01-15,0.0,119
2009-01-16,1.0,108
2009-01-17,0.0,75
2009-01-18,0.0,70
2009-01-19,4.0,115
2009-01-20,0.0,97
2009-01-21,1.0,84
2009-01-22,1.0,78
2009-01-23,0.0,109
2009-01-24,0.0,62
2009-01-25,0.0,27
2009-01-26,0.0,30
2009-01-27,1.0,24
2009-01-28,0.0,30
2009-01-29,0.0,31
2009-01-30,0.0,26
2009-01-31,0.0,35
2009-02-01,0.0,58
2009-02-02,1.0,117
2009-02-03,1.0,119
2009-02-04,2.0,103
2009-02-05,0.0,101
2009-02-06,1.0,106
2009-02-07,0.0,55
2009-02-08,0.0,62
2009-02-09,0.0,96
2009-02-10,1.0,94
2009-02-11,0.0,118
2009-02-12,0.0,112
2009-02-13,1.0,114
2009-02-14,0.0,59
2009-02-15,0.0,60
2009-02-16,0.0,77
2009-02-17,3.0,99
2009-02-18,1.0,114
2009-02-19,1.0,104
2009-02-20,2.0,109
2009-02-21,0.0,65
2009-02-22,0.0,70
2009-02-23,2.0,108
2009-02-24,0.0,100
2009-02-25,0.0,105
2009-02-26,0.0,102
2009-02-27,1.0,90
2009-02-28,1.0,78
2009-03-01,0.0,64
2009-03-02,1.0,100
2009-03-03,0.0,70
2009-03-04,1.0,95
2009-03-05,1.0,96
2009-03-06,3.0,81
2009-03-07,2.0,76
2009-03-08,0.0,71
2009-03-09,0.0,88
2009-03-10,0.0,74
2009-03-11,0.0,90
2009-03-12,0.0,112
2009-03-13,0.0,120
2009-03-14,0.0,48
2009-03-15,1.0,43
2009-03-16,5.0,84
2009-03-17,2.0,106
2009-03-18,1.0,98
2009-03-19,1.0,118
2009-03-20,1.0,108
2009-03-21,0.0,67
2009-03-22,1.0,79
2009-03-23,2.0,114
2009-03-24,0.0,113
2009-03-25,0.0,117
2009-03-26,2.0,118
2009-03-27,2.0,102
2009-03-28,0.0,64
2009-03-29,0.0,64
2009-03-30,0.0,127
2009-03-31,1.0,102
2009-04-01,0.0,110
2009-04-02,0.0,113
2009-04-03,1.0,97
2009-04-04,0.0,60
2009-04-05,0.0,73
2009-04-06,0.0,59
2009-04-07,0.0,92
2009-04-08,2.0,91
2009-04-09,2.0,111
2009-04-10,1.0,127
2009-04-11,0.0,77
2009-04-12,1.0,73
2009-04-13,0.0,114
2009-04-14,1.0,101
2009-04-15,1.0,108
2009-04-16,1.0,113
2009-04-17,2.0,108
2009-04-18,0.0,68
2009-04-19,0.0,58
2009-04-20,0.0,98
2009-04-21,2.0,104
2009-04-22,1.0,119
2009-04-23,1.0,99
2009-04-24,0.0,102
2009-04-25,0.0,75
2009-04-26,1.0,63
2009-04-27,3.0,105
2009-04-28,0.0,99
2009-04-29,3.0,111
2009-04-30,0.0,100
2009-05-01,0.0,51
2009-05-02,0.0,57
2009-05-03,1.0,42
2009-05-04,2.0,113
2009-05-05,0.0,86
2009-05-06,2.0,91
2009-05-07,0.0,104
2009-05-08,1.0,116
2009-05-09,1.0,70
2009-05-10,1.0,48
2009-05-11,0.0,81
2009-05-12,0.0,73
2009-05-13,3.0,86
2009-05-14,0.0,109
2009-05-15,0.0,122
2009-05-16,0.0,76
2009-05-17,0.0,67
2009-05-18,2.0,108
2009-05-19,1.0,108
2009-05-20,1.0,119
2009-05-21,0.0,127
2009-05-22,1.0,139
2009-05-23,0.0,72
2009-05-24,0.0,70
2009-05-25,2.0,116
2009-05-26,1.0,111
2009-05-27,1.0,122
2009-05-28,0.0,87
2009-05-29,0.0,68
2009-05-30,1.0,65
2009-05-31,0.0,63
2009-06-01,5.0,119
2009-06-02,1.0,108
2009-06-03,0.0,109
2009-06-04,2.0,110
2009-06-05,0.0,101
2009-06-06,0.0,75
2009-06-07,0.0,80
2009-06-08,0.0,99
2009-06-09,1.0,99
2009-06-10,0.0,94
2009-06-11,1.0,119
2009-06-12,0.0,94
2009-06-13,0.0,66
2009-06-14,0.0,62
2009-06-15,5.0,111
2009-06-16,2.0,111
2009-06-17,1.0,97
2009-06-18,3.0,92
2009-06-19,2.0,150
2009-06-20,1.0,67
2009-06-21,1.0,63
2009-06-22,2.0,109
2009-06-23,0.0,112
2009-06-24,1.0,123
2009-06-25,1.0,111
2009-06-26,1.0,110
2009-06-27,1.0,62
2009-06-28,1.0,71
2009-06-29,6.0,101
2009-06-30,2.0,126
2009-07-01,0.0,120
2009-07-02,0.0,126
2009-07-03,2.0,137
2009-07-04,0.0,58
2009-07-05,0.0,55
2009-07-06,3.0,143
2009-07-07,0.0,126
2009-07-08,0.0,121
2009-07-09,1.0,130
2009-07-10,1.0,138
2009-07-11,0.0,67
2009-07-12,0.0,60
2009-07-13,1.0,135
2009-07-14,1.0,123
2009-07-15,1.0,125
2009-07-16,1.0,128
2009-07-17,3.0,127
2009-07-18,1.0,78
2009-07-19,0.0,56
2009-07-20,1.0,163
2009-07-21,1.0,124
2009-07-22,0.0,132
2009-07-23,1.0,125
2009-07-24,3.0,152
2009-07-25,0.0,60
2009-07-26,0.0,65
2009-07-27,3.0,147
2009-07-28,0.0,133
2009-07-29,0.0,117
2009-07-30,1.0,128
2009-07-31,1.0,136
2009-08-01,0.0,63
2009-08-02,1.0,65
2009-08-03,1.0,148
2009-08-04,0.0,131
2009-08-05,1.0,117
2009-08-06,2.0,126
2009-08-07,2.0,128
2009-08-08,1.0,68
2009-08-09,1.0,63
2009-08-10,2.0,138
2009-08-11,0.0,147
2009-08-12,1.0,126
2009-08-13,2.0,133
2009-08-14,1.0,129
2009-08-15,2.0,70
2009-08-16,0.0,72
2009-08-17,0.0,135
2009-08-18,2.0,133
2009-08-19,0.0,131
2009-08-20,3.0,119
2009-08-21,2.0,127
2009-08-22,0.0,71
2009-08-23,0.0,63
2009-08-24,1.0,121
2009-08-25,2.0,121
2009-08-26,2.0,118
2009-08-27,2.0,137
2009-08-28,0.0,123
2009-08-29,0.0,68
2009-08-30,1.0,66
2009-08-31,2.0,129
2009-09-01,0.0,121
2009-09-02,2.0,130
2009-09-03,1.0,130
2009-09-04,0.0,125
2009-09-05,0.0,73
2009-09-06,0.0,57
2009-09-07,1.0,100
2009-09-08,2.0,125
2009-09-09,0.0,122
2009-09-10,0.0,105
2009-09-11,1.0,116
2009-09-12,0.0,57
2009-09-13,0.0,64
2009-09-14,2.0,116
2009-09-15,2.0,98
2009-09-16,2.0,101
2009-09-17,2.0,113
2009-09-18,1.0,135
2009-09-19,2.0,55
2009-09-20,0.0,50
2009-09-21,1.0,87
2009-09-22,0.0,104
2009-09-23,1.0,109
2009-09-24,0.0,122
2009-09-25,4.0,111
2009-09-26,2.0,49
2009-09-27,1.0,70
2009-09-28,3.0,105
2009-09-29,2.0,128
2009-09-30,1.0,101
2009-10-01,1.0,315
2009-10-02,0.0,71
2009-10-03,0.0,20
2009-10-04,0.0,18
2009-10-05,0.0,30
2009-10-06,0.0,33
2009-10-07,0.0,35
2009-10-08,0.0,33
2009-10-09,2.0,113
2009-10-10,2.0,64
2009-10-11,0.0,64
2009-10-12,0.0,135
2009-10-13,2.0,137
2009-10-14,1.0,137
2009-10-15,2.0,104
2009-10-16,0.0,127
2009-10-17,0.0,56
2009-10-18,0.0,71
2009-10-19,1.0,121
2009-10-20,0.0,113
2009-10-21,3.0,125
2009-10-22,0.0,149
2009-10-23,0.0,119
2009-10-24,0.0,70
2009-10-25,0.0,72
2009-10-26,1.0,120
2009-10-27,2.0,148
2009-10-28,1.0,134
2009-10-29,1.0,126
2009-10-30,3.0,132
2009-10-31,0.0,75
2009-11-01,1.0,57
2009-11-02,1.0,138
2009-11-03,2.0,142
2009-11-04,1.0,134
2009-11-05,0.0,127
2009-11-06,3.0,130
2009-11-07,0.0,60
2009-11-08,0.0,60
2009-11-09,2.0,141
2009-11-10,1.0,113
2009-11-11,1.0,133
2009-11-12,1.0,121
2009-11-13,1.0,137
2009-11-14,2.0,61
2009-11-15,0.0,64
2009-11-16,6.0,137
2009-11-17,0.0,151
2009-11-18,1.0,123
2009-11-19,0.0,130
2009-11-20,1.0,141
2009-11-21,0.0,65
2009-11-22,3.0,72
2009-11-23,1.0,112
2009-11-24,1.0,132
2009-11-25,0.0,123
2009-11-26,2.0,137
2009-11-27,1.0,129
2009-11-28,1.0,54
2009-11-29,0.0,62
2009-11-30,1.0,133
2009-12-01,0.0,118
2009-12-02,0.0,138
2009-12-03,0.0,128
2009-12-04,2.0,123
2009-12-05,0.0,68
2009-12-06,0.0,65
2009-12-07,1.0,135
2009-12-08,1.0,127
2009-12-09,0.0,127
2009-12-10,2.0,139
2009-12-11,0.0,118
2009-12-12,0.0,71
2009-12-13,0.0,65
2009-12-14,0.0,135
2009-12-15,2.0,101
2009-12-16,0.0,108
2009-12-17,1.0,124
2009-12-18,0.0,153
2009-12-19,0.0,63
2009-12-20,0.0,43
2009-12-21,0.0,119
2009-12-22,1.0,138
2009-12-23,0.0,135
2009-12-24,0.0,148
2009-12-25,1.0,128
2009-12-26,1.0,57
2009-12-27,0.0,78
2009-12-28,1.0,110
2009-12-29,1.0,134
2009-12-30,0.0,131
2009-12-31,0.0,133
2010-01-01,1.0,39
2010-01-02,0.0,23
2010-01-03,0.0,30
2010-01-04,1.0,144
2010-01-05,0.0,147
2010-01-06,2.0,137
2010-01-07,2.0,159
2010-01-08,0.0,170
2010-01-09,1.0,64
2010-01-10,1.0,73
2010-01-11,1.0,141
2010-01-12,0.0,159
2010-01-13,2.0,146
2010-01-14,2.0,161
2010-01-15,0.0,152
2010-01-16,0.0,72
2010-01-17,0.0,75
2010-01-18,2.0,144
2010-01-19,1.0,145
2010-01-20,0.0,143
2010-01-21,5.0,163
2010-01-22,2.0,153
2010-01-23,0.0,79
2010-01-24,0.0,82
2010-01-25,1.0,139
2010-01-26,0.0,158
2010-01-27,1.0,158
2010-01-28,2.0,164
2010-01-29,3.0,152
2010-01-30,1.0,82
2010-01-31,1.0,69
2010-02-01,3.0,139
2010-02-02,1.0,151
2010-02-03,2.0,133
2010-02-04,0.0,158
2010-02-05,1.0,146
2010-02-06,1.0,70
2010-02-07,0.0,74
2010-02-08,2.0,166
2010-02-09,1.0,157
2010-02-10,1.0,152
2010-02-11,4.0,178
2010-02-12,0.0,165
2010-02-13,0.0,30
2010-02-14,0.0,22
2010-02-15,0.0,33
2010-02-16,0.0,31
2010-02-17,0.0,36
2010-02-18,0.0,36
2010-02-19,0.0,32
2010-02-20,0.0,57
2010-02-21,0.0,52
2010-02-22,0.0,159
2010-02-23,1.0,159
2010-02-24,1.0,146
2010-02-25,1.0,167
2010-02-26,2.0,148
2010-02-27,0.0,79
2010-02-28,0.0,60
2010-03-01,2.0,138
2010-03-02,1.0,154
2010-03-03,1.0,112
2010-03-04,1.0,117
2010-03-05,1.0,116
2010-03-06,1.0,76
2010-03-07,0.0,95
2010-03-08,2.0,125
2010-03-09,1.0,128
2010-03-10,0.0,114
2010-03-11,0.0,173
2010-03-12,0.0,143
2010-03-13,0.0,110
2010-03-14,4.0,83
2010-03-15,5.0,149
2010-03-16,2.0,158
2010-03-17,5.0,120
2010-03-18,3.0,152
2010-03-19,0.0,130
2010-03-20,0.0,75
2010-03-21,0.0,68
2010-03-22,2.0,161
2010-03-23,3.0,152
2010-03-24,2.0,163
2010-03-25,1.0,174
2010-03-26,1.0,151
2010-03-27,0.0,70
2010-03-28,1.0,67
2010-03-29,1.0,150
2010-03-30,3.0,170
2010-03-31,1.0,134
2010-04-01,0.0,185
2010-04-02,1.0,179
2010-04-03,0.0,71
2010-04-04,0.0,65
2010-04-05,0.0,40
2010-04-06,0.0,167
2010-04-07,0.0,148
2010-04-08,2.0,161
2010-04-09,2.0,154
2010-04-10,0.0,73
2010-04-11,0.0,62
2010-04-12,0.0,151
2010-04-13,1.0,178
2010-04-14,0.0,153
2010-04-15,2.0,158
2010-04-16,1.0,130
2010-04-17,1.0,56
2010-04-18,0.0,71
2010-04-19,1.0,160
2010-04-20,0.0,158
2010-04-21,1.0,171
2010-04-22,3.0,166
2010-04-23,0.0,158
2010-04-24,0.0,73
2010-04-25,0.0,79
2010-04-26,1.0,160
2010-04-27,0.0,150
2010-04-28,0.0,149
2010-04-29,2.0,153
2010-04-30,0.0,170
2010-05-01,0.0,41
2010-05-02,0.0,58
2010-05-03,0.0,55
2010-05-04,1.0,170
2010-05-05,3.0,153
2010-05-06,3.0,155
2010-05-07,1.0,178
2010-05-08,0.0,57
2010-05-09,0.0,57
2010-05-10,0.0,168
2010-05-11,5.0,176
2010-05-12,0.0,147
2010-05-13,1.0,168
2010-05-14,1.0,143
2010-05-15,2.0,71
2010-05-16,0.0,74
2010-05-17,2.0,170
2010-05-18,0.0,185
2010-05-19,0.0,149
2010-05-20,1.0,160
2010-05-21,2.0,142
2010-05-22,0.0,73
2010-05-23,0.0,73
2010-05-24,1.0,167
2010-05-25,0.0,181
2010-05-26,1.0,153
2010-05-27,2.0,174
2010-05-28,0.0,169
2010-05-29,2.0,84
2010-05-30,1.0,70
2010-05-31,6.0,171
2010-06-01,0.0,170
2010-06-02,1.0,165
2010-06-03,1.0,159
2010-06-04,3.0,161
2010-06-05,1.0,83
2010-06-06,0.0,74
2010-06-07,0.0,177
2010-06-08,2.0,161
2010-06-09,3.0,149
2010-06-10,4.0,163
2010-06-11,1.0,162
2010-06-12,3.0,49
2010-06-13,0.0,58
2010-06-14,1.0,46
2010-06-15,0.0,37
2010-06-16,0.0,40
2010-06-17,1.0,164
2010-06-18,1.0,160
2010-06-19,1.0,75
2010-06-20,1.0,77
2010-06-21,5.0,173
2010-06-22,1.0,149
2010-06-23,0.0,148
2010-06-24,0.0,161
2010-06-25,1.0,172
2010-06-26,0.0,77
2010-06-27,0.0,54
2010-06-28,3.0,150
2010-06-29,1.0,171
2010-06-30,0.0,157
2010-07-01,1.0,168
2010-07-02,1.0,174
2010-07-03,0.0,72
2010-07-04,0.0,43
2010-07-05,4.0,142
2010-07-06,2.0,161
2010-07-07,1.0,149
2010-07-08,0.0,165
2010-07-09,2.0,160
2010-07-10,0.0,71
2010-07-11,2.0,59
2010-07-12,1.0,164
2010-07-13,2.0,171
2010-07-14,2.0,161
2010-07-15,2.0,172
2010-07-16,0.0,159
2010-07-17,1.0,48
2010-07-18,0.0,47
2010-07-19,6.0,155
2010-07-20,1.0,164
2010-07-21,0.0,159
2010-07-22,0.0,160
2010-07-23,0.0,162
2010-07-24,0.0,69
2010-07-25,0.0,62
2010-07-26,2.0,154
2010-07-27,0.0,171
2010-07-28,3.0,140
2010-07-29,1.0,157
2010-07-30,1.0,150
2010-07-31,0.0,67
2010-08-01,1.0,72
2010-08-02,2.0,153
2010-08-03,1.0,165
2010-08-04,4.0,136
2010-08-05,2.0,137
2010-08-06,2.0,153
2010-08-07,0.0,46
2010-08-08,0.0,44
2010-08-09,4.0,161
2010-08-10,0.0,182
2010-08-11,1.0,165
2010-08-12,0.0,178
2010-08-13,0.0,179
2010-08-14,0.0,80
2010-08-15,0.0,60
2010-08-16,1.0,160
2010-08-17,2.0,176
2010-08-18,0.0,168
2010-08-19,1.0,166
2010-08-20,2.0,146
2010-08-21,0.0,77
2010-08-22,0.0,64
2010-08-23,0.0,157
2010-08-24,2.0,167
2010-08-25,0.0,140
2010-08-26,1.0,167
2010-08-27,2.0,163
2010-08-28,0.0,75
2010-08-29,0.0,76
2010-08-30,3.0,157
2010-08-31,2.0,157
2010-09-01,0.0,139
2010-09-02,1.0,167
2010-09-03,3.0,143
2010-09-04,1.0,73
2010-09-05,0.0,59
2010-09-06,4.0,155
2010-09-07,1.0,153
2010-09-08,3.0,145
2010-09-09,2.0,167
2010-09-10,1.0,151
2010-09-11,0.0,71
2010-09-12,0.0,58
2010-09-13,1.0,136
2010-09-14,1.0,153
2010-09-15,2.0,147
2010-09-16,3.0,166
2010-09-17,0.0,159
2010-09-18,0.0,69
2010-09-19,0.0,52
2010-09-20,1.0,160
2010-09-21,0.0,174
2010-09-22,0.0,34
2010-09-23,0.0,41
2010-09-24,0.0,26
2010-09-25,1.0,47
2010-09-26,0.0,51
2010-09-27,2.0,139
2010-09-28,0.0,161
2010-09-29,1.0,152
2010-09-30,1.0,166
2010-10-01,0.0,37
2010-10-02,0.0,26
2010-10-03,0.0,33
2010-10-04,1.0,30
2010-10-05,0.0,28
2010-10-06,1.0,37
2010-10-07,0.0,38
2010-10-08,1.0,166
2010-10-09,0.0,65
2010-10-10,0.0,51
2010-10-11,1.0,163
2010-10-12,1.0,175
2010-10-13,0.0,153
2010-10-14,0.0,154
2010-10-15,0.0,165
2010-10-16,1.0,68
2010-10-17,0.0,67
2010-10-18,0.0,167
2010-10-19,1.0,145
2010-10-20,3.0,157
2010-10-21,0.0,161
2010-10-22,3.0,155
2010-10-23,0.0,74
2010-10-24,0.0,63
2010-10-25,1.0,161
2010-10-26,3.0,174
2010-10-27,0.0,163
2010-10-28,1.0,150
2010-10-29,0.0,159
2010-10-30,2.0,51
2010-10-31,0.0,50
2010-11-01,1.0,149
2010-11-02,2.0,177
2010-11-03,1.0,144
2010-11-04,3.0,164
2010-11-05,1.0,157
2010-11-06,0.0,64
2010-11-07,0.0,61
2010-11-08,0.0,177
2010-11-09,1.0,164
2010-11-10,2.0,155
2010-11-11,1.0,178
2010-11-12,0.0,133
2010-11-13,0.0,48
2010-11-14,0.0,51
2010-11-15,2.0,146
2010-11-16,1.0,154
2010-11-17,1.0,152
2010-11-18,2.0,128
2010-11-19,1.0,147
2010-11-20,0.0,79
2010-11-21,0.0,68
2010-11-22,3.0,170
2010-11-23,3.0,174
2010-11-24,0.0,164
2010-11-25,0.0,170
2010-11-26,0.0,134
2010-11-27,0.0,77
2010-11-28,0.0,49
2010-11-29,0.0,161
2010-11-30,1.0,186
2010-12-01,1.0,150
2010-12-02,3.0,166
2010-12-03,2.0,167
2010-12-04,0.0,63
2010-12-05,1.0,60
2010-12-06,1.0,158
2010-12-07,0.0,160
2010-12-08,1.0,139
2010-12-09,0.0,162
2010-12-10,4.0,153
2010-12-11,0.0,71
2010-12-12,0.0,63
2010-12-13,3.0,127
2010-12-14,4.0,146
2010-12-15,1.0,142
2010-12-16,4.0,154
2010-12-17,4.0,150
2010-12-18,0.0,66
2010-12-19,0.0,65
2010-12-20,4.0,151
2010-12-21,2.0,144
2010-12-22,1.0,142
2010-12-23,2.0,159
2010-12-24,2.0,160
2010-12-25,0.0,66
2010-12-26,1.0,51
2010-12-27,2.0,120
2010-12-28,2.0,129
2010-12-29,1.0,139
2010-12-30,0.0,133
2010-12-31,0.0,135
2011-01-01,0.0,31
2011-01-02,1.0,32
2011-01-03,0.0,32
2011-01-04,2.0,127
2011-01-05,3.0,142
2011-01-06,0.0,150
2011-01-07,1.0,161
2011-01-08,0.0,65
2011-01-09,3.0,43
2011-01-10,2.0,143
2011-01-11,3.0,156
2011-01-12,2.0,151
2011-01-13,1.0,161
2011-01-14,2.0,159
2011-01-15,0.0,43
2011-01-16,1.0,60
2011-01-17,1.0,143
2011-01-18,2.0,166
2011-01-19,2.0,147
2011-01-20,2.0,153
2011-01-21,2.0,141
2011-01-22,1.0,75
2011-01-23,0.0,59
2011-01-24,1.0,159
2011-01-25,0.0,148
2011-01-26,2.0,139
2011-01-27,1.0,152
2011-01-28,2.0,154
2011-01-29,0.0,65
2011-01-30,0.0,49
2011-01-31,0.0,174
2011-02-01,0.0,158
2011-02-02,0.0,34
2011-02-03,0.0,33
2011-02-04,0.0,30
2011-02-05,0.0,37
2011-02-06,0.0,43
2011-02-07,0.0,47
2011-02-08,0.0,40
2011-02-09,2.0,144
2011-02-10,2.0,149
2011-02-11,1.0,160
2011-02-12,0.0,68
2011-02-13,0.0,69
2011-02-14,0.0,153
2011-02-15,2.0,151
2011-02-16,1.0,141
2011-02-17,0.0,153
2011-02-18,1.0,153
2011-02-19,0.0,71
2011-02-20,0.0,57
2011-02-21,1.0,136
2011-02-22,1.0,173
2011-02-23,0.0,139
2011-02-24,2.0,148
2011-02-25,0.0,154
2011-02-26,1.0,57
2011-02-27,0.0,51
2011-02-28,2.0,133
2011-03-01,0.0,136
2011-03-02,2.0,156
2011-03-03,3.0,108
2011-03-04,0.0,110
2011-03-05,0.0,77
2011-03-06,0.0,41
2011-03-07,0.0,132
2011-03-08,0.0,131
2011-03-09,0.0,137
2011-03-10,0.0,145
2011-03-11,0.0,115
2011-03-12,1.0,91
2011-03-13,0.0,123
2011-03-14,1.0,162
2011-03-15,0.0,157
2011-03-16,2.0,145
2011-03-17,1.0,117
2011-03-18,2.0,139
2011-03-19,0.0,74
2011-03-20,0.0,46
2011-03-21,0.0,154
2011-03-22,1.0,142
2011-03-23,2.0,157
2011-03-24,2.0,153
2011-03-25,1.0,167
2011-03-26,0.0,64
2011-03-27,0.0,60
2011-03-28,1.0,149
2011-03-29,2.0,154
2011-03-30,4.0,164
2011-03-31,2.0,162
2011-04-01,2.0,131
2011-04-02,0.0,61
2011-04-03,0.0,32
2011-04-04,0.0,39
2011-04-05,0.0,33
2011-04-06,1.0,144
2011-04-07,2.0,149
2011-04-08,1.0,157
2011-04-09,0.0,70
2011-04-10,0.0,48
2011-04-11,2.0,172
2011-04-12,2.0,157
2011-04-13,1.0,155
2011-04-14,2.0,161
2011-04-15,4.0,145
2011-04-16,1.0,57
2011-04-17,0.0,52
2011-04-18,1.0,159
2011-04-19,0.0,168
2011-04-20,0.0,134
2011-04-21,3.0,157
2011-04-22,0.0,128
2011-04-23,0.0,69
2011-04-24,1.0,55
2011-04-25,1.0,160
2011-04-26,1.0,156
2011-04-27,2.0,137
2011-04-28,0.0,162
2011-04-29,2.0,151
2011-04-30,1.0,33
2011-05-01,0.0,28
2011-05-02,0.0,32
2011-05-03,0.0,154
2011-05-04,4.0,137
2011-05-05,0.0,165
2011-05-06,0.0,146
2011-05-07,0.0,71
2011-05-08,0.0,71
2011-05-09,2.0,142
2011-05-10,1.0,133
2011-05-11,0.0,120
2011-05-12,4.0,149
2011-05-13,0.0,161
2011-05-14,0.0,75
2011-05-15,0.0,63
2011-05-16,2.0,161
2011-05-17,0.0,160
2011-05-18,2.0,125
2011-05-19,2.0,133
2011-05-20,0.0,158
2011-05-21,0.0,72
2011-05-22,0.0,66
2011-05-23,2.0,165
2011-05-24,0.0,161
2011-05-25,1.0,142
2011-05-26,0.0,152
2011-05-27,0.0,153
2011-05-28,0.0,75
2011-05-29,0.0,61
2011-05-30,1.0,149
2011-05-31,1.0,105
2011-06-01,0.0,296
2011-06-02,1.0,149
2011-06-03,2.0,147
2011-06-04,0.0,38
2011-06-05,0.0,32
2011-06-06,0.0,33
2011-06-07,0.0,141
2011-06-08,1.0,155
2011-06-09,0.0,121
2011-06-10,0.0,137
2011-06-11,1.0,69
2011-06-12,1.0,50
2011-06-13,0.0,133
2011-06-14,2.0,148
2011-06-15,0.0,128
2011-06-16,0.0,124
2011-06-17,0.0,127
2011-06-18,2.0,59
2011-06-19,0.0,51
2011-06-20,0.0,152
2011-06-21,2.0,142
2011-06-22,2.0,137
2011-06-23,1.0,155
2011-06-24,0.0,123
2011-06-25,1.0,52
2011-06-26,0.0,55
2011-06-27,4.0,115
2011-06-28,2.0,117
2011-06-29,0.0,119
2011-06-30,2.0,100
2011-07-01,1.0,237
2011-07-02,0.0,22
2011-07-03,0.0,43
2011-07-04,2.0,155
2011-07-05,1.0,171
2011-07-06,2.0,140
2011-07-07,1.0,154
2011-07-08,2.0,152
2011-07-09,0.0,64
2011-07-10,1.0,47
2011-07-11,5.0,154
2011-07-12,1.0,174
2011-07-13,2.0,153
2011-07-14,1.0,153
2011-07-15,0.0,122
2011-07-16,0.0,69
2011-07-17,0.0,58
2011-07-18,1.0,144
2011-07-19,0.0,152
2011-07-20,4.0,132
2011-07-21,2.0,143
2011-07-22,0.0,148
2011-07-23,1.0,50
2011-07-24,0.0,55
2011-07-25,0.0,141
2011-07-26,1.0,156
2011-07-27,3.0,126
2011-07-28,2.0,137
2011-07-29,1.0,146
2011-07-30,0.0,64
2011-07-31,0.0,63
2011-08-01,1.0,143
2011-08-02,0.0,142
2011-08-03,0.0,139
2011-08-04,1.0,153
2011-08-05,2.0,154
2011-08-06,1.0,45
2011-08-07,0.0,55
2011-08-08,0.0,118
2011-08-09,1.0,118
2011-08-10,6.0,120
2011-08-11,4.0,144
2011-08-12,2.0,149
2011-08-13,0.0,36
2011-08-14,2.0,53
2011-08-15,1.0,154
2011-08-16,1.0,144
2011-08-17,3.0,134
2011-08-18,4.0,141
2011-08-19,5.0,156
2011-08-20,0.0,58
2011-08-21,0.0,60
2011-08-22,2.0,147
2011-08-23,2.0,147
2011-08-24,2.0,124
2011-08-25,2.0,147
2011-08-26,2.0,158
2011-08-27,1.0,66
2011-08-28,1.0,59
2011-08-29,3.0,143
2011-08-30,0.0,135
2011-08-31,1.0,149
2011-09-01,2.0,151
2011-09-02,0.0,155
2011-09-03,1.0,71
2011-09-04,0.0,62
2011-09-05,1.0,143
2011-09-06,0.0,151
2011-09-07,4.0,142
2011-09-08,2.0,159
2011-09-09,3.0,151
2011-09-10,0.0,32
2011-09-11,0.0,37
2011-09-12,0.0,30
2011-09-13,1.0,130
2011-09-14,1.0,131
2011-09-15,4.0,134
2011-09-16,2.0,154
2011-09-17,1.0,67
2011-09-18,0.0,63
2011-09-19,1.0,150
2011-09-20,1.0,131
2011-09-21,1.0,136
2011-09-22,1.0,131
2011-09-23,1.0,142
2011-09-24,0.0,71
2011-09-25,0.0,62
2011-09-26,1.0,154
2011-09-27,1.0,160
2011-09-28,0.0,136
2011-09-29,1.0,158
2011-09-30,0.0,143
2011-10-01,0.0,38
2011-10-02,0.0,29
2011-10-03,0.0,20
2011-10-04,0.0,38
2011-10-05,1.0,32
2011-10-06,0.0,34
2011-10-07,0.0,33
2011-10-08,1.0,51
2011-10-09,1.0,54
2011-10-10,1.0,132
2011-10-11,1.0,142
2011-10-12,2.0,121
2011-10-13,3.0,160
2011-10-14,2.0,128
2011-10-15,1.0,47
2011-10-16,1.0,51
2011-10-17,1.0,133
2011-10-18,1.0,155
2011-10-19,3.0,135
2011-10-20,2.0,164
2011-10-21,0.0,146
2011-10-22,0.0,66
2011-10-23,0.0,58
2011-10-24,1.0,154
2011-10-25,0.0,152
2011-10-26,0.0,113
2011-10-27,2.0,142
2011-10-28,2.0,130
2011-10-29,1.0,64
2011-10-30,2.0,53
2011-10-31,1.0,149
2011-11-01,1.0,142
2011-11-02,3.0,137
2011-11-03,3.0,137
2011-11-04,1.0,140
2011-11-05,0.0,71
2011-11-06,1.0,62
2011-11-07,3.0,154
2011-11-08,2.0,151
2011-11-09,4.0,143
2011-11-10,1.0,166
2011-11-11,3.0,140
2011-11-12,1.0,81
2011-11-13,1.0,66
2011-11-14,0.0,154
2011-11-15,0.0,138
2011-11-16,2.0,136
2011-11-17,3.0,152
2011-11-18,0.0,139
2011-11-19,2.0,63
2011-11-20,1.0,62
2011-11-21,1.0,152
2011-11-22,1.0,153
2011-11-23,2.0,136
2011-11-24,0.0,146
2011-11-25,2.0,154
2011-11-26,0.0,70
2011-11-27,0.0,59
2011-11-28,2.0,169
2011-11-29,2.0,148
2011-11-30,1.0,143
2011-12-01,1.0,139
2011-12-02,2.0,154
2011-12-03,1.0,73
2011-12-04,0.0,59
2011-12-05,2.0,147
2011-12-06,1.0,163
2011-12-07,0.0,143
2011-12-08,2.0,146
2011-12-09,0.0,149
2011-12-10,0.0,59
2011-12-11,0.0,55
2011-12-12,1.0,153
2011-12-13,0.0,136
2011-12-14,2.0,138
2011-12-15,4.0,123
2011-12-16,5.0,145
2011-12-17,0.0,57
2011-12-18,0.0,59
2011-12-19,5.0,157
2011-12-20,3.0,139
2011-12-21,3.0,120
2011-12-22,4.0,134
2011-12-23,0.0,134
2011-12-24,0.0,70
2011-12-25,1.0,47
2011-12-26,2.0,116
2011-12-27,0.0,147
2011-12-28,3.0,137
2011-12-29,1.0,143
2011-12-30,2.0,128
2011-12-31,1.0,53
2012-01-01,0.0,31
2012-01-02,1.0,27
2012-01-03,0.0,30
2012-01-04,3.0,130
2012-01-05,0.0,150
2012-01-06,1.0,178
2012-01-07,0.0,73
2012-01-08,0.0,53
2012-01-09,2.0,145
2012-01-10,1.0,162
2012-01-11,0.0,155
2012-01-12,0.0,155
2012-01-13,2.0,130
2012-01-14,0.0,70
2012-01-15,1.0,58
2012-01-16,0.0,182
2012-01-17,1.0,172
2012-01-18,3.0,141
2012-01-19,1.0,147
2012-01-20,1.0,158
2012-01-21,0.0,64
2012-01-22,0.0,38
2012-01-23,0.0,35
2012-01-24,0.0,33
2012-01-25,0.0,37
2012-01-26,0.0,32
2012-01-27,2.0,26
2012-01-28,0.0,40
2012-01-29,0.0,54
2012-01-30,2.0,148
2012-01-31,0.0,160
2012-02-01,3.0,136
2012-02-02,1.0,150
2012-02-03,0.0,147
2012-02-04,0.0,74
2012-02-05,0.0,54
2012-02-06,1.0,149
2012-02-07,2.0,155
2012-02-08,1.0,153
2012-02-09,3.0,157
2012-02-10,1.0,139
2012-02-11,0.0,73
2012-02-12,2.0,54
2012-02-13,2.0,137
2012-02-14,1.0,158
2012-02-15,2.0,136
2012-02-16,1.0,143
2012-02-17,3.0,149
2012-02-18,1.0,69
2012-02-19,1.0,55
2012-02-20,1.0,148
2012-02-21,3.0,155
2012-02-22,1.0,139
2012-02-23,3.0,133
2012-02-24,0.0,159
2012-02-25,0.0,67
2012-02-26,0.0,58
2012-02-27,0.0,145
2012-02-28,2.0,148
2012-02-29,0.0,149
2012-03-01,1.0,135
2012-03-02,1.0,145
2012-03-03,1.0,56
2012-03-04,2.0,59
2012-03-05,1.0,95
2012-03-06,3.0,85
2012-03-07,1.0,121
2012-03-08,1.0,106
2012-03-09,1.0,117
2012-03-10,1.0,113
2012-03-11,0.0,102
2012-03-12,0.0,121
2012-03-13,2.0,169
2012-03-14,0.0,127
2012-03-15,0.0,145
2012-03-16,1.0,157
2012-03-17,0.0,44
2012-03-18,0.0,43
2012-03-19,2.0,151
2012-03-20,3.0,144
2012-03-21,2.0,162
2012-03-22,2.0,165
2012-03-23,2.0,169
2012-03-24,0.0,58
2012-03-25,1.0,60
2012-03-26,0.0,143
2012-03-27,1.0,159
2012-03-28,2.0,144
2012-03-29,1.0,144
2012-03-30,1.0,157
2012-03-31,2.0,60
2012-04-01,0.0,44
2012-04-02,1.0,33
2012-04-03,1.0,29
2012-04-04,0.0,35
2012-04-05,1.0,150
2012-04-06,1.0,150
2012-04-07,0.0,62
2012-04-08,0.0,57
2012-04-09,3.0,149
2012-04-10,0.0,145
2012-04-11,1.0,131
2012-04-12,6.0,160
2012-04-13,0.0,160
2012-04-14,0.0,67
2012-04-15,0.0,48
2012-04-16,2.0,123
2012-04-17,1.0,155
2012-04-18,1.0,131
2012-04-19,2.0,132
2012-04-20,1.0,155
2012-04-21,0.0,71
2012-04-22,0.0,53
2012-04-23,3.0,138
2012-04-24,0.0,132
2012-04-25,0.0,147
2012-04-26,2.0,168
2012-04-27,4.0,147
2012-04-28,0.0,65
2012-04-29,1.0,25
2012-04-30,0.0,36
2012-05-01,0.0,36
2012-05-02,0.0,126
2012-05-03,1.0,147
2012-05-04,1.0,145
2012-05-05,1.0,52
2012-05-06,1.0,57
2012-05-07,2.0,144
2012-05-08,2.0,155
2012-05-09,2.0,149
2012-05-10,2.0,160
2012-05-11,2.0,166
2012-05-12,1.0,76
2012-05-13,1.0,52
2012-05-14,4.0,161
2012-05-15,1.0,168
2012-05-16,1.0,158
2012-05-17,3.0,155
2012-05-18,2.0,169
2012-05-19,0.0,81
2012-05-20,0.0,57
2012-05-21,1.0,140
2012-05-22,1.0,161
2012-05-23,1.0,168
2012-05-24,1.0,146
2012-05-25,2.0,135
2012-05-26,0.0,66
2012-05-27,0.0,67
2012-05-28,2.0,140
2012-05-29,1.0,161
2012-05-30,3.0,155
2012-05-31,1.0,145
2012-06-01,1.0,146
2012-06-02,0.0,66
2012-06-03,0.0,56
2012-06-04,1.0,146
2012-06-05,1.0,160
2012-06-06,4.0,149
2012-06-07,0.0,150
2012-06-08,4.0,152
2012-06-09,1.0,68
2012-06-10,0.0,59
2012-06-11,1.0,155
2012-06-12,2.0,155
2012-06-13,4.0,151
2012-06-14,3.0,152
2012-06-15,1.0,148
2012-06-16,0.0,48
2012-06-17,1.0,53
2012-06-18,2.0,144
2012-06-19,1.0,144
2012-06-20,4.0,139
2012-06-21,2.0,139
2012-06-22,0.0,37
2012-06-23,0.0,32
2012-06-24,0.0,34
2012-06-25,0.0,118
2012-06-26,0.0,110
2012-06-27,0.0,161
2012-06-28,0.0,120
2012-06-29,1.0,132
2012-06-30,0.0,35
2012-07-01,0.0,54
2012-07-02,1.0,143
2012-07-03,0.0,155
2012-07-04,2.0,148
2012-07-05,2.0,150
2012-07-06,1.0,161
2012-07-07,0.0,72
2012-07-08,1.0,51
2012-07-09,2.0,134
2012-07-10,2.0,124
2012-07-11,2.0,147
2012-07-12,2.0,158
2012-07-13,1.0,149
2012-07-14,0.0,64
2012-07-15,1.0,56
2012-07-16,2.0,136
2012-07-17,0.0,145
2012-07-18,3.0,143
2012-07-19,2.0,151
2012-07-20,1.0,121
2012-07-21,0.0,54
2012-07-22,0.0,54
2012-07-23,0.0,148
2012-07-24,3.0,156
2012-07-25,2.0,141
2012-07-26,2.0,157
2012-07-27,1.0,121
2012-07-28,0.0,57
2012-07-29,0.0,45
2012-07-30,2.0,140
2012-07-31,1.0,126
2012-08-01,1.0,130
2012-08-02,1.0,120
2012-08-03,0.0,122
2012-08-04,0.0,53
2012-08-05,0.0,56
2012-08-06,0.0,112
2012-08-07,0.0,122
2012-08-08,0.0,117
2012-08-09,1.0,128
2012-08-10,0.0,116
2012-08-11,0.0,55
2012-08-12,1.0,57
2012-08-13,0.0,124
2012-08-14,1.0,95
2012-08-15,2.0,96
2012-08-16,0.0,104
2012-08-17,0.0,119
2012-08-18,0.0,50
2012-08-19,0.0,60
2012-08-20,0.0,115
2012-08-21,0.0,103
2012-08-22,0.0,115
2012-08-23,0.0,112
2012-08-24,1.0,120
2012-08-25,0.0,54
2012-08-26,0.0,55
2012-08-27,1.0,115
2012-08-28,0.0,104
2012-08-29,2.0,116
2012-08-30,2.0,132
2012-08-31,3.0,114
2012-09-01,0.0,69
2012-09-02,0.0,60
2012-09-03,1.0,124
2012-09-04,0.0,127
2012-09-05,2.0,112
2012-09-06,0.0,126
2012-09-07,2.0,118
2012-09-08,2.0,64
2012-09-09,0.0,45
2012-09-10,1.0,120
2012-09-11,2.0,104
2012-09-12,1.0,107
2012-09-13,0.0,121
2012-09-14,0.0,120
2012-09-15,0.0,74
2012-09-16,0.0,63
2012-09-17,1.0,105
2012-09-18,2.0,116
2012-09-19,3.0,115
2012-09-20,0.0,104
2012-09-21,2.0,109
2012-09-22,4.0,64
2012-09-23,2.0,58
2012-09-24,0.0,106
2012-09-25,1.0,132
2012-09-26,1.0,120
2012-09-27,0.0,115
2012-09-28,0.0,117
2012-09-29,0.0,50
2012-09-30,0.0,38
2012-10-01,0.0,27
2012-10-02,0.0,28
2012-10-03,0.0,25
2012-10-04,0.0,31
2012-10-05,0.0,27
2012-10-06,0.0,27
2012-10-07,0.0,29
2012-10-08,0.0,121
2012-10-09,0.0,98
2012-10-10,2.0,99
2012-10-11,0.0,122
2012-10-12,1.0,115
2012-10-13,1.0,58
2012-10-14,0.0,60
2012-10-15,5.0,119
2012-10-16,0.0,116
2012-10-17,0.0,131
2012-10-18,0.0,113
2012-10-19,2.0,131
2012-10-20,0.0,58
2012-10-21,0.0,54
2012-10-22,1.0,114
2012-10-23,0.0,111
2012-10-24,0.0,109
2012-10-25,2.0,116
2012-10-26,1.0,105
2012-10-27,0.0,76
2012-10-28,0.0,47
2012-10-29,0.0,123
2012-10-30,2.0,120
2012-10-31,0.0,110
2012-11-01,0.0,118
2012-11-02,0.0,117
2012-11-03,0.0,71
2012-11-04,0.0,69
2012-11-05,0.0,98
2012-11-06,0.0,107
2012-11-07,2.0,121
2012-11-08,0.0,98
2012-11-09,0.0,97
2012-11-10,0.0,60
2012-11-11,0.0,85
2012-11-12,2.0,126
2012-11-13,0.0,132
2012-11-14,0.0,117
2012-11-15,1.0,107
2012-11-16,3.0,119
2012-11-17,0.0,44
2012-11-18,1.0,26
2012-11-19,0.0,123
2012-11-20,3.0,139
2012-11-21,5.0,141
2012-11-22,1.0,138
2012-11-23,5.0,143
2012-11-24,0.0,49
2012-11-25,0.0,64
2012-11-26,2.0,134
2012-11-27,1.0,137
2012-11-28,1.0,132
2012-11-29,0.0,169
2012-11-30,2.0,132
2012-12-01,1.0,63
2012-12-02,0.0,64
2012-12-03,1.0,151
2012-12-04,1.0,129
2012-12-05,2.0,132
2012-12-06,3.0,144
2012-12-07,3.0,130
2012-12-08,0.0,78
2012-12-09,0.0,55
2012-12-10,2.0,142
2012-12-11,2.0,155
2012-12-12,0.0,136
2012-12-13,4.0,158
2012-12-14,2.0,129
2012-12-15,0.0,56
2012-12-16,1.0,48
2012-12-17,2.0,130
2012-12-18,2.0,134
2012-12-19,4.0,149
2012-12-20,0.0,145
2012-12-21,2.0,153
2012-12-22,0.0,59
2012-12-23,1.0,65
2012-12-24,1.0,132
2012-12-25,1.0,134
2012-12-26,1.0,125
2012-12-27,0.0,107
2012-12-28,2.0,123
2012-12-29,0.0,69
2012-12-30,0.0,64
2012-12-31,2.0,130
2013-01-01,0.0,61
2013-01-02,1.0,44
2013-01-03,2.0,56
2013-01-04,3.0,155
2013-01-05,0.0,82
2013-01-06,0.0,87
2013-01-07,2.0,141
2013-01-08,4.0,136
2013-01-09,4.0,137
2013-01-10,1.0,159
2013-01-11,4.0,150
2013-01-12,0.0,89
2013-01-13,0.0,79
2013-01-14,2.0,140
2013-01-15,1.0,151
2013-01-16,1.0,156
2013-01-17,0.0,151
2013-01-18,2.0,167
2013-01-19,0.0,75
2013-01-20,0.0,83
2013-01-21,2.0,147
2013-01-22,1.0,157
2013-01-23,1.0,147
2013-01-24,0.0,143
2013-01-25,1.0,154
2013-01-26,2.0,84
2013-01-27,0.0,69
2013-01-28,0.0,156
2013-01-29,2.0,159
2013-01-30,0.0,150
2013-01-31,0.0,144
2013-02-01,3.0,144
2013-02-02,0.0,81
2013-02-03,0.0,78
2013-02-04,2.0,130
2013-02-05,1.0,145
2013-02-06,0.0,133
2013-02-07,5.0,136
2013-02-08,0.0,150
2013-02-09,1.0,69
2013-02-10,0.0,82
2013-02-11,0.0,42
2013-02-12,0.0,52
2013-02-13,0.0,52
2013-02-14,0.0,62
2013-02-15,0.0,42
2013-02-16,0.0,80
2013-02-17,0.0,72
2013-02-18,1.0,148
2013-02-19,3.0,146
2013-02-20,3.0,136
2013-02-21,2.0,146
2013-02-22,1.0,142
2013-02-23,0.0,66
2013-02-24,0.0,76
2013-02-25,1.0,129
2013-02-26,1.0,146
2013-02-27,1.0,118
2013-02-28,0.0,141
2013-03-01,0.0,147
2013-03-02,1.0,74
2013-03-03,0.0,60
2013-03-04,2.0,101
2013-03-05,1.0,95
2013-03-06,0.0,93
2013-03-07,3.0,129
2013-03-08,0.0,121
2013-03-09,1.0,68
2013-03-10,0.0,81
2013-03-11,0.0,80
2013-03-12,0.0,100
2013-03-13,1.0,115
2013-03-14,1.0,120
2013-03-15,0.0,122
2013-03-16,0.0,96
2013-03-17,0.0,50
2013-03-18,0.0,110
2013-03-19,0.0,131
2013-03-20,0.0,117
2013-03-21,1.0,153
2013-03-22,2.0,125
2013-03-23,1.0,87
2013-03-24,0.0,67
2013-03-25,1.0,133
2013-03-26,0.0,146
2013-03-27,2.0,134
2013-03-28,2.0,138
2013-03-29,1.0,140
2013-03-30,0.0,76
2013-03-31,1.0,74
2013-04-01,5.0,141
2013-04-02,2.0,141
2013-04-03,0.0,143
2013-04-04,2.0,66
2013-04-05,1.0,48
2013-04-06,0.0,42
2013-04-07,0.0,69
2013-04-08,1.0,137
2013-04-09,1.0,150
2013-04-10,0.0,163
2013-04-11,0.0,117
2013-04-12,3.0,147
2013-04-13,0.0,79
2013-04-14,0.0,80
2013-04-15,2.0,170
2013-04-16,0.0,155
2013-04-17,0.0,146
2013-04-18,1.0,154
2013-04-19,2.0,140
2013-04-20,0.0,101
2013-04-21,1.0,76
2013-04-22,0.0,143
2013-04-23,1.0,140
2013-04-24,4.0,147
2013-04-25,0.0,150
2013-04-26,2.0,157
2013-04-27,0.0,80
2013-04-28,0.0,79
2013-04-29,0.0,64
2013-04-30,0.0,53
2013-05-01,0.0,53
2013-05-02,2.0,148
2013-05-03,1.0,149
2013-05-04,0.0,85
2013-05-05,0.0,69
2013-05-06,2.0,145
2013-05-07,0.0,151
2013-05-08,1.0,152
2013-05-09,1.0,154
2013-05-10,1.0,148
2013-05-11,0.0,88
2013-05-12,1.0,79
2013-05-13,0.0,142
2013-05-14,1.0,150
2013-05-15,1.0,136
2013-05-16,2.0,147
2013-05-17,0.0,134
2013-05-18,0.0,92
2013-05-19,0.0,78
2013-05-20,0.0,140
2013-05-21,1.0,152
2013-05-22,0.0,147
2013-05-23,1.0,154
2013-05-24,1.0,148
2013-05-25,2.0,82
2013-05-26,0.0,71
2013-05-27,1.0,148
2013-05-28,1.0,140
2013-05-29,0.0,158
2013-05-30,1.0,139
2013-05-31,0.0,146
2013-06-01,0.0,100
2013-06-02,1.0,78
2013-06-03,3.0,146
2013-06-04,3.0,151
2013-06-05,3.0,143
2013-06-06,1.0,135
2013-06-07,1.0,147
2013-06-08,0.0,87
2013-06-09,0.0,74
2013-06-10,0.0,50
2013-06-11,0.0,41
2013-06-12,0.0,49
2013-06-13,0.0,132
2013-06-14,4.0,156
2013-06-15,0.0,88
2013-06-16,0.0,73
2013-06-17,2.0,131
2013-06-18,0.0,140
2013-06-19,2.0,140
2013-06-20,0.0,148
2013-06-21,1.0,144
2013-06-22,1.0,96
2013-06-23,1.0,79
2013-06-24,1.0,148
2013-06-25,1.0,143
2013-06-26,0.0,140
2013-06-27,0.0,147
2013-06-28,4.0,138
2013-06-29,0.0,76
2013-06-30,0.0,82
2013-07-01,2.0,131
2013-07-02,0.0,139
2013-07-03,1.0,154
2013-07-04,1.0,149
2013-07-05,2.0,150
2013-07-06,0.0,88
2013-07-07,0.0,77
2013-07-08,0.0,114
2013-07-09,2.0,178
2013-07-10,2.0,153
2013-07-11,1.0,152
2013-07-12,2.0,156
2013-07-13,0.0,73
2013-07-14,1.0,75
2013-07-15,3.0,136
2013-07-16,0.0,59
2013-07-17,0.0,147
2013-07-18,1.0,138
2013-07-19,0.0,148
2013-07-20,0.0,71
2013-07-21,1.0,73
2013-07-22,0.0,140
2013-07-23,1.0,158
2013-07-24,2.0,134
2013-07-25,3.0,146
2013-07-26,0.0,153
2013-07-27,0.0,87
2013-07-28,0.0,66
2013-07-29,3.0,140
2013-07-30,0.0,147
2013-07-31,1.0,144
2013-08-01,2.0,127
2013-08-02,1.0,153
2013-08-03,1.0,77
2013-08-04,0.0,76
2013-08-05,0.0,143
2013-08-06,1.0,141
2013-08-07,1.0,132
2013-08-08,1.0,142
2013-08-09,2.0,138
2013-08-10,0.0,75
2013-08-11,0.0,71
2013-08-12,1.0,143
2013-08-13,2.0,154
2013-08-14,0.0,130
2013-08-15,1.0,130
2013-08-16,2.0,124
2013-08-17,0.0,86
2013-08-18,2.0,69
2013-08-19,1.0,159
2013-08-20,2.0,145
2013-08-21,1.0,138
2013-08-22,1.0,144
2013-08-23,1.0,150
2013-08-24,0.0,72
2013-08-25,2.0,73
2013-08-26,1.0,133
2013-08-27,1.0,147
2013-08-28,2.0,128
2013-08-29,0.0,136
2013-08-30,0.0,127
2013-08-31,0.0,77
2013-09-01,0.0,61
2013-09-02,1.0,133
2013-09-03,0.0,131
2013-09-04,2.0,137
2013-09-05,2.0,131
2013-09-06,2.0,145
2013-09-07,1.0,69
2013-09-08,0.0,68
2013-09-09,0.0,134
2013-09-10,2.0,145
2013-09-11,0.0,137
2013-09-12,2.0,126
2013-09-13,2.0,128
2013-09-14,2.0,68
2013-09-15,0.0,71
2013-09-16,3.0,135
2013-09-17,2.0,154
2013-09-18,0.0,153
2013-09-19,0.0,66
2013-09-20,0.0,57
2013-09-21,0.0,52
2013-09-22,0.0,77
2013-09-23,2.0,150
2013-09-24,3.0,139
2013-09-25,1.0,141
2013-09-26,0.0,129
2013-09-27,0.0,133
2013-09-28,0.0,71
2013-09-29,3.0,63
2013-09-30,2.0,115
2013-10-01,0.0,48
2013-10-02,0.0,31
2013-10-03,1.0,39
2013-10-04,0.0,34
2013-10-05,0.0,49
2013-10-06,0.0,44
2013-10-07,0.0,51
2013-10-08,3.0,125
2013-10-09,2.0,123
2013-10-10,2.0,143
2013-10-11,1.0,145
2013-10-12,0.0,78
2013-10-13,0.0,75
2013-10-14,1.0,127
2013-10-15,0.0,143
2013-10-16,2.0,135
2013-10-17,1.0,129
2013-10-18,1.0,131
2013-10-19,0.0,78
2013-10-20,0.0,74
2013-10-21,0.0,148
2013-10-22,2.0,152
2013-10-23,1.0,124
2013-10-24,1.0,150
2013-10-25,2.0,139
2013-10-26,0.0,88
2013-10-27,0.0,76
2013-10-28,0.0,150
2013-10-29,0.0,154
2013-10-30,0.0,151
2013-10-31,3.0,168
2013-11-01,2.0,155
2013-11-02,1.0,98
2013-11-03,0.0,65
2013-11-04,2.0,149
2013-11-05,1.0,154
2013-11-06,1.0,123
2013-11-07,1.0,150
2013-11-08,1.0,124
2013-11-09,1.0,59
2013-11-10,0.0,69
2013-11-11,1.0,101
2013-11-12,0.0,125
2013-11-13,1.0,118
2013-11-14,0.0,162
2013-11-15,1.0,151
2013-11-16,1.0,63
2013-11-17,1.0,74
2013-11-18,1.0,127
2013-11-19,1.0,144
2013-11-20,0.0,140
2013-11-21,2.0,141
2013-11-22,2.0,153
2013-11-23,3.0,77
2013-11-24,0.0,76
2013-11-25,1.0,121
2013-11-26,0.0,154
2013-11-27,4.0,147
2013-11-28,2.0,129
2013-11-29,3.0,134
2013-11-30,1.0,80
2013-12-01,0.0,79
2013-12-02,0.0,129
2013-12-03,1.0,147
2013-12-04,1.0,134
2013-12-05,0.0,132
2013-12-06,0.0,142
2013-12-07,0.0,76
2013-12-08,1.0,65
2013-12-09,1.0,121
2013-12-10,1.0,148
2013-12-11,0.0,140
2013-12-12,1.0,125
2013-12-13,0.0,138
2013-12-14,7.0,78
2013-12-15,0.0,69
2013-12-16,0.0,123
2013-12-17,1.0,120
2013-12-18,3.0,148
2013-12-19,1.0,129
2013-12-20,1.0,147
2013-12-21,1.0,93
2013-12-22,0.0,60
2013-12-23,2.0,133
2013-12-24,3.0,127
2013-12-25,2.0,124
2013-12-26,2.0,124
2013-12-27,0.0,110
2013-12-28,0.0,48
2013-12-29,0.0,73
2013-12-30,2.0,124
2013-12-31,1.0,134
2014-01-01,0.0,32
2014-01-02,1.0,135
2014-01-03,0.0,149
2014-01-04,0.0,87
2014-01-05,0.0,70
2014-01-06,2.0,140
2014-01-07,0.0,150
2014-01-08,2.0,141
2014-01-09,4.0,135
2014-01-10,5.0,143
2014-01-11,0.0,79
2014-01-12,0.0,67
2014-01-13,1.0,158
2014-01-14,2.0,124
2014-01-15,1.0,147
2014-01-16,0.0,150
2014-01-17,3.0,137
2014-01-18,1.0,83
2014-01-19,0.0,83
2014-01-20,0.0,142
2014-01-21,0.0,140
2014-01-22,0.0,139
2014-01-23,1.0,151
2014-01-24,0.0,143
2014-01-25,1.0,75
2014-01-26,0.0,65
2014-01-27,1.0,144
2014-01-28,1.0,151
2014-01-29,0.0,145
2014-01-30,1.0,148
2014-01-31,0.0,59
2014-02-01,0.0,58
2014-02-02,0.0,59
2014-02-03,0.0,53
2014-02-04,0.0,63
2014-02-05,0.0,55
2014-02-06,0.0,55
2014-02-07,1.0,132
2014-02-08,0.0,72
2014-02-09,0.0,58
2014-02-10,0.0,151
2014-02-11,0.0,166
2014-02-12,2.0,156
2014-02-13,1.0,143
2014-02-14,0.0,148
2014-02-15,0.0,81
2014-02-16,0.0,68
2014-02-17,1.0,160
2014-02-18,1.0,151
2014-02-19,1.0,146
2014-02-20,2.0,160
2014-02-21,1.0,143
2014-02-22,0.0,83
2014-02-23,0.0,65
2014-02-24,0.0,148
2014-02-25,0.0,143
2014-02-26,2.0,139
2014-02-27,1.0,130
2014-02-28,1.0,140
2014-03-01,0.0,69
2014-03-02,0.0,58
2014-03-03,1.0,103
2014-03-04,0.0,117
2014-03-05,0.0,102
2014-03-06,2.0,69
2014-03-07,4.0,103
2014-03-08,1.0,64
2014-03-09,0.0,55
2014-03-10,1.0,104
2014-03-11,0.0,106
2014-03-12,1.0,132
2014-03-13,1.0,132
2014-03-14,0.0,124
2014-03-15,1.0,67
2014-03-16,1.0,47
2014-03-17,1.0,107
2014-03-18,0.0,130
2014-03-19,1.0,137
2014-03-20,0.0,143
2014-03-21,1.0,142
2014-03-22,1.0,70
2014-03-23,0.0,75
2014-03-24,1.0,123
2014-03-25,1.0,144
2014-03-26,0.0,155
2014-03-27,0.0,156
2014-03-28,1.0,144
2014-03-29,0.0,82
2014-03-30,1.0,78
2014-03-31,1.0,148
2014-04-01,1.0,154
2014-04-02,2.0,149
2014-04-03,3.0,100
2014-04-04,1.0,155
2014-04-05,0.0,62
2014-04-06,2.0,43
2014-04-07,0.0,50
2014-04-08,1.0,154
2014-04-09,2.0,151
2014-04-10,1.0,130
2014-04-11,1.0,162
2014-04-12,0.0,81
2014-04-13,0.0,85
2014-04-14,3.0,142
2014-04-15,1.0,157
2014-04-16,2.0,156
2014-04-17,0.0,152
2014-04-18,3.0,151
2014-04-19,0.0,79
2014-04-20,1.0,76
2014-04-21,1.0,148
2014-04-22,2.0,147
2014-04-23,5.0,160
2014-04-24,1.0,155
2014-04-25,3.0,162
2014-04-26,1.0,75
2014-04-27,0.0,82
2014-04-28,4.0,144
2014-04-29,0.0,135
2014-04-30,1.0,157
2014-05-01,0.0,53
2014-05-02,0.0,49
2014-05-03,1.0,46
2014-05-04,0.0,56
2014-05-05,2.0,143
2014-05-06,1.0,150
2014-05-07,2.0,151
2014-05-08,1.0,141
2014-05-09,0.0,144
2014-05-10,0.0,87
2014-05-11,0.0,79
2014-05-12,2.0,149
2014-05-13,1.0,140
2014-05-14,1.0,173
2014-05-15,0.0,131
2014-05-16,1.0,151
2014-05-17,0.0,88
2014-05-18,1.0,75
2014-05-19,1.0,148
2014-05-20,1.0,152
2014-05-21,1.0,152
2014-05-22,2.0,143
2014-05-23,2.0,142
2014-05-24,0.0,74
2014-05-25,0.0,69
2014-05-26,0.0,140
2014-05-27,2.0,130
2014-05-28,1.0,138
2014-05-29,3.0,137
2014-05-30,0.0,152
2014-05-31,0.0,47
2014-06-01,0.0,32
2014-06-02,0.0,44
2014-06-03,1.0,132
2014-06-04,1.0,149
2014-06-05,1.0,143
2014-06-06,2.0,132
2014-06-07,0.0,81
2014-06-08,0.0,70
2014-06-09,0.0,130
2014-06-10,1.0,141
2014-06-11,1.0,137
2014-06-12,0.0,150
2014-06-13,0.0,154
2014-06-14,0.0,82
2014-06-15,0.0,74
2014-06-16,3.0,126
2014-06-17,1.0,157
2014-06-18,1.0,150
2014-06-19,0.0,142
2014-06-20,3.0,137
2014-06-21,0.0,71
2014-06-22,1.0,70
2014-06-23,1.0,129
2014-06-24,2.0,141
2014-06-25,1.0,129
2014-06-26,0.0,140
2014-06-27,0.0,127
2014-06-28,0.0,92
2014-06-29,0.0,63
2014-06-30,1.0,117
2014-07-01,0.0,133
2014-07-02,1.0,121
2014-07-03,1.0,156
2014-07-04,0.0,168
2014-07-05,2.0,66
2014-07-06,0.0,71
2014-07-07,0.0,120
2014-07-08,2.0,142
2014-07-09,2.0,152
2014-07-10,0.0,132
2014-07-11,2.0,122
2014-07-12,0.0,74
2014-07-13,0.0,65
2014-07-14,0.0,133
2014-07-15,1.0,129
2014-07-16,1.0,143
2014-07-17,0.0,121
2014-07-18,1.0,117
2014-07-19,0.0,80
2014-07-20,0.0,68
2014-07-21,2.0,134
2014-07-22,1.0,158
2014-07-23,0.0,148
2014-07-24,1.0,140
2014-07-25,2.0,136
2014-07-26,0.0,86
2014-07-27,0.0,72
2014-07-28,2.0,136
2014-07-29,1.0,153
2014-07-30,1.0,148
2014-07-31,2.0,148
2014-08-01,0.0,140
2014-08-02,0.0,84
2014-08-03,0.0,68
2014-08-04,2.0,138
2014-08-05,0.0,153
2014-08-06,2.0,130
2014-08-07,1.0,148
2014-08-08,0.0,143
2014-08-09,0.0,84
2014-08-10,0.0,77
2014-08-11,1.0,153
2014-08-12,1.0,139
2014-08-13,0.0,146
2014-08-14,1.0,145
2014-08-15,0.0,134
2014-08-16,0.0,72
2014-08-17,0.0,68
2014-08-18,0.0,128
2014-08-19,0.0,141
2014-08-20,0.0,123
2014-08-21,0.0,122
2014-08-22,1.0,129
2014-08-23,0.0,81
2014-08-24,0.0,79
2014-08-25,0.0,136
2014-08-26,2.0,133
2014-08-27,2.0,142
2014-08-28,1.0,141
2014-08-29,0.0,154
2014-08-30,0.0,76
2014-08-31,0.0,58
2014-09-01,2.0,134
2014-09-02,2.0,140
2014-09-03,2.0,127
2014-09-04,1.0,145
2014-09-05,1.0,143
2014-09-06,0.0,53
2014-09-07,0.0,59
2014-09-08,1.0,46
2014-09-09,1.0,133
2014-09-10,0.0,137
2014-09-11,1.0,130
2014-09-12,1.0,143
2014-09-13,2.0,64
2014-09-14,1.0,63
2014-09-15,0.0,121
2014-09-16,1.0,163
2014-09-17,0.0,136
2014-09-18,2.0,140
2014-09-19,0.0,128
2014-09-20,0.0,80
2014-09-21,0.0,75
2014-09-22,0.0,119
2014-09-23,1.0,136
2014-09-24,0.0,141
2014-09-25,0.0,126
2014-09-26,1.0,143
2014-09-27,0.0,69
2014-09-28,0.0,59
2014-09-29,1.0,142
2014-09-30,0.0,107
2014-10-01,0.0,43
2014-10-02,0.0,41
2014-10-03,0.0,43
2014-10-04,0.0,44
2014-10-05,0.0,43
2014-10-06,0.0,44
2014-10-07,0.0,45
2014-10-08,1.0,126
2014-10-09,1.0,130
2014-10-10,3.0,149
2014-10-11,0.0,74
2014-10-12,0.0,72
2014-10-13,1.0,129
2014-10-14,1.0,133
2014-10-15,0.0,136
2014-10-16,3.0,131
2014-10-17,1.0,140
2014-10-18,0.0,76
2014-10-19,1.0,67
2014-10-20,0.0,122
2014-10-21,0.0,130
2014-10-22,0.0,142
2014-10-23,2.0,141
2014-10-24,1.0,106
2014-10-25,1.0,88
2014-10-26,0.0,79
2014-10-27,0.0,133
2014-10-28,2.0,151
2014-10-29,2.0,127
2014-10-30,0.0,132
2014-10-31,3.0,158
2014-11-01,0.0,80
2014-11-02,0.0,70
2014-11-03,1.0,138
2014-11-04,1.0,131
2014-11-05,1.0,144
2014-11-06,1.0,128
2014-11-07,1.0,111
2014-11-08,1.0,76
2014-11-09,2.0,64
2014-11-10,0.0,98
2014-11-11,2.0,129
2014-11-12,1.0,122
2014-11-13,1.0,124
2014-11-14,0.0,129
2014-11-15,1.0,69
2014-11-16,2.0,76
2014-11-17,1.0,127
2014-11-18,1.0,120
2014-11-19,0.0,126
2014-11-20,1.0,122
2014-11-21,0.0,141
2014-11-22,1.0,75
2014-11-23,0.0,72
2014-11-24,3.0,122
2014-11-25,3.0,149
2014-11-26,0.0,154
2014-11-27,0.0,131
2014-11-28,4.0,145
2014-11-29,1.0,88
2014-11-30,1.0,73
2014-12-01,1.0,122
2014-12-02,0.0,148
2014-12-03,0.0,133
2014-12-04,0.0,147
2014-12-05,0.0,153
2014-12-06,0.0,75
2014-12-07,0.0,77
2014-12-08,1.0,132
2014-12-09,3.0,133
2014-12-10,0.0,132
2014-12-11,1.0,129
2014-12-12,1.0,125
2014-12-13,0.0,75
2014-12-14,0.0,73
2014-12-15,1.0,123
2014-12-16,1.0,124
2014-12-17,0.0,114
2014-12-18,0.0,118
2014-12-19,2.0,139
2014-12-20,0.0,61
2014-12-21,0.0,65
2014-12-22,0.0,115
2014-12-23,1.0,137
2014-12-24,0.0,90
2014-12-25,0.0,122
2014-12-26,0.0,111
2014-12-27,0.0,64
2014-12-28,0.0,71
2014-12-29,1.0,118
2014-12-30,0.0,112
2014-12-31,1.0,126
2015-01-01,0.0,43
2015-01-02,0.0,50
2015-01-03,0.0,52
2015-01-04,0.0,56
2015-01-05,3.0,132
2015-01-06,1.0,143
2015-01-07,1.0,140
2015-01-08,0.0,135
2015-01-09,1.0,136
2015-01-10,0.0,66
2015-01-11,0.0,78
2015-01-12,1.0,136
2015-01-13,1.0,151
2015-01-14,2.0,143
2015-01-15,1.0,125
2015-01-16,1.0,148
2015-01-17,1.0,84
2015-01-18,0.0,76
2015-01-19,1.0,142
2015-01-20,0.0,138
2015-01-21,2.0,156
2015-01-22,0.0,141
2015-01-23,1.0,151
2015-01-24,0.0,79
2015-01-25,0.0,75
2015-01-26,1.0,147
2015-01-27,2.0,150
2015-01-28,1.0,146
2015-01-29,1.0,141
2015-01-30,1.0,135
2015-01-31,1.0,82
2015-02-01,1.0,67
2015-02-02,2.0,129
2015-02-03,0.0,143
2015-02-04,1.0,144
2015-02-05,0.0,128
2015-02-06,3.0,143
2015-02-07,0.0,84
2015-02-08,0.0,72
2015-02-09,1.0,142
2015-02-10,3.0,134
2015-02-11,0.0,136
2015-02-12,2.0,124
2015-02-13,0.0,119
2015-02-14,0.0,77
2015-02-15,1.0,72
2015-02-16,2.0,124
2015-02-17,0.0,143
2015-02-18,1.0,49
2015-02-19,0.0,43
2015-02-20,0.0,43
2015-02-21,0.0,44
2015-02-22,0.0,50
2015-02-23,0.0,52
2015-02-24,0.0,55
2015-02-25,1.0,143
2015-02-26,1.0,142
2015-02-27,0.0,132
2015-02-28,0.0,77
2015-03-01,0.0,46
2015-03-02,0.0,115
2015-03-03,0.0,128
2015-03-04,0.0,105
2015-03-05,0.0,101
2015-03-06,2.0,62
2015-03-07,0.0,64
2015-03-08,0.0,67
2015-03-09,1.0,106
2015-03-10,1.0,109
2015-03-11,0.0,109
2015-03-12,0.0,111
2015-03-13,0.0,108
2015-03-14,0.0,65
2015-03-15,0.0,58
2015-03-16,2.0,121
2015-03-17,1.0,128
2015-03-18,2.0,126
2015-03-19,1.0,141
2015-03-20,2.0,137
2015-03-21,0.0,66
2015-03-22,0.0,72
2015-03-23,0.0,153
2015-03-24,1.0,146
2015-03-25,3.0,154
2015-03-26,0.0,129
2015-03-27,0.0,142
2015-03-28,0.0,80
2015-03-29,0.0,67
2015-03-30,1.0,120
2015-03-31,1.0,142
2015-04-01,0.0,147
2015-04-02,0.0,139
2015-04-03,1.0,129
2015-04-04,1.0,60
2015-04-05,0.0,49
2015-04-06,0.0,46
2015-04-07,0.0,145
2015-04-08,2.0,148
2015-04-09,0.0,158
2015-04-10,1.0,151
2015-04-11,0.0,77
2015-04-12,0.0,83
2015-04-13,2.0,142
2015-04-14,1.0,146
2015-04-15,3.0,144
2015-04-16,0.0,121
2015-04-17,0.0,107
2015-04-18,0.0,84
2015-04-19,0.0,79
2015-04-20,0.0,133
2015-04-21,0.0,134
2015-04-22,0.0,143
2015-04-23,0.0,122
2015-04-24,2.0,150
2015-04-25,0.0,78
2015-04-26,0.0,71
2015-04-27,0.0,136
2015-04-28,1.0,135
2015-04-29,0.0,109
2015-04-30,0.0,135
2015-05-01,0.0,45
2015-05-02,0.0,46
2015-05-03,0.0,46
2015-05-04,1.0,135
2015-05-05,0.0,140
2015-05-06,0.0,142
2015-05-07,1.0,130
2015-05-08,0.0,137
2015-05-09,1.0,73
2015-05-10,1.0,69
2015-05-11,2.0,135
2015-05-12,0.0,144
2015-05-13,1.0,143
2015-05-14,0.0,142
2015-05-15,1.0,138
2015-05-16,0.0,77
2015-05-17,0.0,70
2015-05-18,1.0,130
2015-05-19,1.0,155
2015-05-20,1.0,154
2015-05-21,0.0,138
2015-05-22,2.0,139
2015-05-23,0.0,82
2015-05-24,0.0,76
2015-05-25,0.0,145
2015-05-26,0.0,153
2015-05-27,2.0,137
2015-05-28,0.0,138
2015-05-29,0.0,146
2015-05-30,0.0,75
2015-05-31,0.0,76
2015-06-01,2.0,137
2015-06-02,2.0,161
2015-06-03,2.0,145
2015-06-04,2.0,148
2015-06-05,3.0,138
2015-06-06,0.0,84
2015-06-07,0.0,76
2015-06-08,0.0,134
2015-06-09,4.0,130
2015-06-10,1.0,140
2015-06-11,0.0,139
2015-06-12,0.0,135
2015-06-13,0.0,78
2015-06-14,0.0,80
2015-06-15,1.0,129
2015-06-16,0.0,147
2015-06-17,2.0,151
2015-06-18,0.0,131
2015-06-19,1.0,115
2015-06-20,0.0,35
2015-06-21,1.0,51
2015-06-22,0.0,42
2015-06-23,0.0,138
2015-06-24,0.0,64
2015-06-25,0.0,133
2015-06-26,0.0,127
2015-06-27,1.0,74
2015-06-28,0.0,85
2015-06-29,2.0,132
2015-06-30,1.0,137
2015-07-01,1.0,130
2015-07-02,0.0,140
2015-07-03,3.0,136
2015-07-04,0.0,83
2015-07-05,0.0,72
2015-07-06,2.0,131
2015-07-07,1.0,126
2015-07-08,1.0,123
2015-07-09,0.0,122
2015-07-10,2.0,128
2015-07-11,2.0,61
2015-07-12,0.0,60
2015-07-13,1.0,131
2015-07-14,3.0,149
2015-07-15,1.0,151
2015-07-16,0.0,137
2015-07-17,2.0,131
2015-07-18,0.0,67
2015-07-19,0.0,57
2015-07-20,0.0,129
2015-07-21,1.0,145
2015-07-22,1.0,152
2015-07-23,1.0,130
2015-07-24,1.0,127
2015-07-25,0.0,81
2015-07-26,0.0,67
2015-07-27,0.0,139
2015-07-28,2.0,139
2015-07-29,1.0,142
2015-07-30,2.0,143
2015-07-31,0.0,141
2015-08-01,0.0,65
2015-08-02,0.0,71
2015-08-03,1.0,142
2015-08-04,1.0,130
2015-08-05,0.0,133
2015-08-06,1.0,127
2015-08-07,0.0,127
2015-08-08,0.0,76
2015-08-09,0.0,73
2015-08-10,1.0,128
2015-08-11,1.0,151
2015-08-12,1.0,138
2015-08-13,1.0,141
2015-08-14,0.0,140
2015-08-15,0.0,68
2015-08-16,0.0,68
2015-08-17,0.0,125
2015-08-18,0.0,142
2015-08-19,0.0,132
2015-08-20,0.0,123
2015-08-21,1.0,138
2015-08-22,0.0,85
2015-08-23,0.0,67
2015-08-24,1.0,134
2015-08-25,0.0,128
2015-08-26,0.0,150
2015-08-27,3.0,145
2015-08-28,2.0,133
2015-08-29,0.0,73
2015-08-30,1.0,82
2015-08-31,1.0,125
2015-09-01,1.0,142
2015-09-02,2.0,131
2015-09-03,0.0,67
2015-09-04,0.0,68
2015-09-05,0.0,50
2015-09-06,0.0,64
2015-09-07,2.0,110
2015-09-08,0.0,127
2015-09-09,3.0,130
2015-09-10,0.0,115
2015-09-11,0.0,130
2015-09-12,0.0,75
2015-09-13,1.0,75
2015-09-14,0.0,116
2015-09-15,1.0,124
2015-09-16,1.0,150
2015-09-17,0.0,111
2015-09-18,1.0,118
2015-09-19,0.0,67
2015-09-20,1.0,75
2015-09-21,0.0,121
2015-09-22,0.0,98
2015-09-23,2.0,93
2015-09-24,0.0,119
2015-09-25,0.0,124
2015-09-26,0.0,34
2015-09-27,0.0,41
2015-09-28,0.0,113
2015-09-29,1.0,118
2015-09-30,2.0,133
2015-10-01,0.0,52
2015-10-02,0.0,29
2015-10-03,0.0,50
2015-10-04,0.0,54
2015-10-05,0.0,47
2015-10-06,0.0,51
2015-10-07,0.0,47
2015-10-08,1.0,144
2015-10-09,0.0,129
2015-10-10,0.0,81
2015-10-11,0.0,73
2015-10-12,0.0,137
2015-10-13,0.0,157
2015-10-14,0.0,132
2015-10-15,1.0,132
2015-10-16,0.0,125
2015-10-17,0.0,72
2015-10-18,0.0,66
2015-10-19,1.0,136
2015-10-20,0.0,135
2015-10-21,2.0,147
2015-10-22,3.0,130
2015-10-23,1.0,119
2015-10-24,1.0,76
2015-10-25,2.0,67
2015-10-26,1.0,119
2015-10-27,1.0,137
2015-10-28,1.0,138
2015-10-29,1.0,123
2015-10-30,0.0,115
2015-10-31,0.0,74
2015-11-01,1.0,71
2015-11-02,2.0,141
2015-11-03,0.0,125
2015-11-04,1.0,122
2015-11-05,0.0,128
2015-11-06,1.0,128
2015-11-07,0.0,72
2015-11-08,0.0,60
2015-11-09,0.0,131
2015-11-10,0.0,147
2015-11-11,1.0,130
2015-11-12,1.0,134
2015-11-13,2.0,136
2015-11-14,1.0,80
2015-11-15,1.0,67
2015-11-16,0.0,146
2015-11-17,2.0,129
2015-11-18,4.0,154
2015-11-19,0.0,120
2015-11-20,3.0,140
2015-11-21,0.0,61
2015-11-22,0.0,62
2015-11-23,0.0,142
2015-11-24,0.0,141
2015-11-25,0.0,126
2015-11-26,0.0,154
2015-11-27,0.0,119
2015-11-28,1.0,84
2015-11-29,1.0,64
2015-11-30,0.0,147
2015-12-01,1.0,148
2015-12-02,0.0,132
2015-12-03,2.0,132
2015-12-04,1.0,130
2015-12-05,0.0,69
2015-12-06,1.0,65
2015-12-07,0.0,106
2015-12-08,0.0,118
2015-12-09,1.0,144
2015-12-10,0.0,131
2015-12-11,0.0,126
2015-12-12,0.0,71
2015-12-13,0.0,78
2015-12-14,0.0,135
2015-12-15,1.0,134
2015-12-16,0.0,132
2015-12-17,0.0,129
2015-12-18,2.0,112
2015-12-19,0.0,77
2015-12-20,1.0,75
2015-12-21,0.0,130
2015-12-22,0.0,114
2015-12-23,3.0,130
2015-12-24,2.0,115
2015-12-25,0.0,118
2015-12-26,0.0,85
2015-12-27,0.0,66
2015-12-28,1.0,99
2015-12-29,0.0,101
2015-12-30,0.0,122
2015-12-31,1.0,105
2016-01-01,0.0,45
2016-01-02,0.0,37
2016-01-03,0.0,55
2016-01-04,0.0,119
2016-01-05,0.0,118
2016-01-06,2.0,148
2016-01-07,1.0,141
2016-01-08,2.0,129
2016-01-09,2.0,79
2016-01-10,1.0,81
2016-01-11,0.0,143
2016-01-12,1.0,150
2016-01-13,2.0,143
2016-01-14,1.0,129
2016-01-15,0.0,129
2016-01-16,0.0,80
2016-01-17,0.0,77
2016-01-18,1.0,141
2016-01-19,1.0,128
2016-01-20,1.0,132
2016-01-21,2.0,129
2016-01-22,2.0,118
2016-01-23,0.0,78
2016-01-24,0.0,66
2016-01-25,0.0,130
2016-01-26,0.0,155
2016-01-27,1.0,143
2016-01-28,2.0,118
2016-01-29,3.0,139
2016-01-30,1.0,75
2016-01-31,0.0,62
2016-02-01,1.0,108
2016-02-02,0.0,117
2016-02-03,1.0,139
2016-02-04,3.0,117
2016-02-05,2.0,130
2016-02-06,0.0,63
2016-02-07,0.0,56
2016-02-08,0.0,41
2016-02-09,2.0,32
2016-02-10,0.0,38
2016-02-11,0.0,38
2016-02-12,0.0,38
2016-02-13,0.0,43
2016-02-14,0.0,68
2016-02-15,3.0,131
2016-02-16,1.0,142
2016-02-17,1.0,147
2016-02-18,1.0,116
2016-02-19,1.0,126
2016-02-20,0.0,69
2016-02-21,1.0,66
2016-02-22,0.0,134
2016-02-23,1.0,144
2016-02-24,2.0,133
2016-02-25,2.0,152
2016-02-26,2.0,131
2016-02-27,1.0,72
2016-02-28,0.0,68
2016-02-29,2.0,137
2016-03-01,0.0,106
2016-03-02,1.0,135
2016-03-03,1.0,101
2016-03-04,0.0,85
2016-03-05,0.0,72
2016-03-06,1.0,49
2016-03-07,1.0,73
2016-03-08,3.0,90
2016-03-09,1.0,77
2016-03-10,0.0,79
2016-03-11,1.0,92
2016-03-12,0.0,62
2016-03-13,0.0,64
2016-03-14,0.0,90
2016-03-15,2.0,95
2016-03-16,0.0,95
2016-03-17,1.0,128
2016-03-18,2.0,92
2016-03-19,2.0,48
2016-03-20,0.0,63
2016-03-21,2.0,114
2016-03-22,2.0,141
2016-03-23,2.0,142
2016-03-24,1.0,115
2016-03-25,2.0,154
2016-03-26,0.0,81
2016-03-27,0.0,73
2016-03-28,1.0,126
2016-03-29,0.0,139
2016-03-30,2.0,144
2016-03-31,2.0,140
2016-04-01,4.0,149
2016-04-02,0.0,57
2016-04-03,0.0,37
2016-04-04,0.0,47
2016-04-05,1.0,141
2016-04-06,0.0,137
2016-04-07,2.0,157
2016-04-08,2.0,139
2016-04-09,1.0,77
2016-04-10,0.0,70
2016-04-11,1.0,135
2016-04-12,3.0,152
2016-04-13,1.0,141
2016-04-14,4.0,134
2016-04-15,1.0,100
2016-04-16,0.0,73
2016-04-17,0.0,66
2016-04-18,1.0,130
2016-04-19,1.0,140
2016-04-20,4.0,142
2016-04-21,0.0,123
2016-04-22,2.0,129
2016-04-23,0.0,83
2016-04-24,1.0,75
2016-04-25,4.0,134
2016-04-26,0.0,130
2016-04-27,3.0,125
2016-04-28,0.0,127
2016-04-29,0.0,127
2016-04-30,1.0,62
2016-05-01,0.0,44
2016-05-02,1.0,44
2016-05-03,1.0,129
2016-05-04,0.0,134
2016-05-05,1.0,137
2016-05-06,0.0,132
2016-05-07,1.0,86
2016-05-08,0.0,75
2016-05-09,1.0,134
2016-05-10,2.0,137
2016-05-11,3.0,146
2016-05-12,3.0,141
2016-05-13,1.0,146
2016-05-14,1.0,76
2016-05-15,0.0,65
2016-05-16,3.0,155
2016-05-17,0.0,143
2016-05-18,0.0,141
2016-05-19,0.0,111
2016-05-20,1.0,141
2016-05-21,0.0,89
2016-05-22,0.0,61
2016-05-23,3.0,119
2016-05-24,0.0,114
2016-05-25,1.0,128
2016-05-26,0.0,128
2016-05-27,3.0,116
2016-05-28,1.0,72
2016-05-29,0.0,61
2016-05-30,1.0,122
2016-05-31,0.0,123
2016-06-01,5.0,145
2016-06-02,0.0,143
2016-06-03,4.0,118
2016-06-04,0.0,58
2016-06-05,1.0,65
2016-06-06,1.0,140
2016-06-07,3.0,132
2016-06-08,0.0,120
2016-06-09,0.0,56
2016-06-10,0.0,58
2016-06-11,1.0,54
2016-06-12,0.0,61
2016-06-13,1.0,131
2016-06-14,1.0,135
2016-06-15,0.0,123
2016-06-16,0.0,142
2016-06-17,0.0,126
2016-06-18,0.0,72
2016-06-19,0.0,68
2016-06-20,2.0,133
2016-06-21,0.0,123
2016-06-22,1.0,138
2016-06-23,1.0,114
2016-06-24,1.0,139
2016-06-25,1.0,50
2016-06-26,1.0,63
2016-06-27,1.0,114
2016-06-28,1.0,124
2016-06-29,1.0,123
2016-06-30,1.0,90
2016-07-01,0.0,99
2016-07-02,0.0,50
2016-07-03,0.0,74
2016-07-04,0.0,139
2016-07-05,3.0,135
2016-07-06,1.0,129
2016-07-07,2.0,122
2016-07-08,1.0,115
2016-07-09,0.0,71
2016-07-10,0.0,68
2016-07-11,0.0,134
2016-07-12,1.0,122
2016-07-13,2.0,127
2016-07-14,2.0,120
2016-07-15,1.0,126
2016-07-16,2.0,69
2016-07-17,1.0,55
2016-07-18,3.0,125
2016-07-19,0.0,135
2016-07-20,0.0,139
2016-07-21,0.0,112
2016-07-22,2.0,123
2016-07-23,2.0,61
2016-07-24,1.0,65
2016-07-25,1.0,127
2016-07-26,2.0,137
2016-07-27,0.0,107
2016-07-28,1.0,87
2016-07-29,3.0,137
2016-07-30,0.0,68
2016-07-31,0.0,67
2016-08-01,1.0,134
2016-08-02,0.0,145
2016-08-03,1.0,132
2016-08-04,1.0,138
2016-08-05,2.0,123
2016-08-06,0.0,63
2016-08-07,0.0,70
2016-08-08,3.0,133
2016-08-09,0.0,146
2016-08-10,4.0,132
2016-08-11,0.0,137
2016-08-12,2.0,123
2016-08-13,0.0,69
2016-08-14,0.0,70
2016-08-15,1.0,131
2016-08-16,2.0,144
2016-08-17,0.0,152
2016-08-18,1.0,120
2016-08-19,2.0,138
2016-08-20,0.0,70
2016-08-21,0.0,51
2016-08-22,2.0,122
2016-08-23,0.0,118
2016-08-24,0.0,123
2016-08-25,0.0,135
2016-08-26,1.0,128
2016-08-27,3.0,82
2016-08-28,2.0,67
2016-08-29,1.0,124
2016-08-30,1.0,121
2016-08-31,1.0,131
2016-09-01,2.0,137
2016-09-02,2.0,118
2016-09-03,0.0,65
2016-09-04,2.0,66
2016-09-05,0.0,114
2016-09-06,0.0,103
2016-09-07,3.0,127
2016-09-08,1.0,137
2016-09-09,2.0,135
2016-09-10,0.0,78
2016-09-11,1.0,73
2016-09-12,2.0,129
2016-09-13,4.0,132
2016-09-14,0.0,142
2016-09-15,0.0,57
2016-09-16,0.0,48
2016-09-17,1.0,50
2016-09-18,1.0,66
2016-09-19,0.0,123
2016-09-20,0.0,140
2016-09-21,2.0,119
2016-09-22,1.0,138
2016-09-23,1.0,137
2016-09-24,0.0,81
2016-09-25,0.0,53
2016-09-26,0.0,121
2016-09-27,3.0,145
2016-09-28,1.0,116
2016-09-29,0.0,119
2016-09-30,0.0,128
2016-10-01,0.0,45
2016-10-02,0.0,36
2016-10-03,0.0,40
2016-10-04,0.0,40
2016-10-05,0.0,39
2016-10-06,0.0,40
2016-10-07,0.0,43
2016-10-08,3.0,61
2016-10-09,1.0,76
2016-10-10,2.0,148
2016-10-11,0.0,123
2016-10-12,0.0,129
2016-10-13,1.0,140
2016-10-14,1.0,123
2016-10-15,0.0,58
2016-10-16,0.0,60
2016-10-17,1.0,95
2016-10-18,0.0,107
2016-10-19,2.0,132
2016-10-20,1.0,143
2016-10-21,1.0,103
2016-10-22,0.0,57
2016-10-23,0.0,64
2016-10-24,2.0,118
2016-10-25,2.0,110
2016-10-26,0.0,124
2016-10-27,0.0,138
2016-10-28,1.0,126
2016-10-29,0.0,81
2016-10-30,0.0,70
2016-10-31,0.0,118
2016-11-01,0.0,141
2016-11-02,2.0,134
2016-11-03,2.0,98
2016-11-04,0.0,112
2016-11-05,1.0,88
2016-11-06,0.0,73
2016-11-07,1.0,107
2016-11-08,1.0,133
2016-11-09,3.0,116
2016-11-10,5.0,119
2016-11-11,1.0,131
2016-11-12,0.0,78
2016-11-13,1.0,61
2016-11-14,0.0,125
2016-11-15,0.0,139
2016-11-16,3.0,142
2016-11-17,1.0,131
2016-11-18,0.0,132
2016-11-19,1.0,76
2016-11-20,0.0,69
2016-11-21,0.0,126
2016-11-22,0.0,142
2016-11-23,0.0,143
2016-11-24,1.0,129
2016-11-25,0.0,126
2016-11-26,3.0,65
2016-11-27,0.0,70
2016-11-28,3.0,134
2016-11-29,0.0,155
2016-11-30,0.0,117
2016-12-01,0.0,131
2016-12-02,0.0,128
2016-12-03,0.0,78
2016-12-04,1.0,65
2016-12-05,1.0,134
2016-12-06,0.0,126
2016-12-07,0.0,121
2016-12-08,0.0,105
2016-12-09,2.0,123
2016-12-10,2.0,75
2016-12-11,1.0,69
2016-12-12,0.0,124
2016-12-13,1.0,128
2016-12-14,1.0,130
2016-12-15,2.0,112
2016-12-16,1.0,127
2016-12-17,0.0,74
2016-12-18,1.0,78
2016-12-19,1.0,125
2016-12-20,2.0,136
2016-12-21,2.0,111
2016-12-22,1.0,120
2016-12-23,1.0,122
2016-12-24,0.0,82
2016-12-25,0.0,70
2016-12-26,0.0,80
2016-12-27,0.0,112
2016-12-28,5.0,111
2016-12-29,0.0,124
2016-12-30,1.0,130
2016-12-31,0.0,52
